2011-12-18,163064,0.520662
2011-12-19,153362,0.539865
2011-12-20,178445,0.704857
2011-12-21,178510,0.694404
2011-12-22,137186,0.533666
2011-12-23,114064,0.450187
2011-12-24,118415,0.466555
2011-12-25,133058,0.562168
2011-12-26,136413,0.548106
2011-12-27,130223,0.530008
2011-12-28,144270,0.603841
2011-12-29,182422,0.759971
2011-12-30,160473,0.681688
2011-12-31,163865,0.773772
2012-01-01,138268,0.728355
2012-01-02,194985,1.0172
2012-01-03,187621,0.915743
2012-01-04,499085,2.7818
2012-01-05,158987,1.10458
2012-01-06,176725,1.18351
2012-01-07,148339,1.01019
2012-01-08,113336,0.806227
2012-01-09,193125,1.22165
2012-01-10,118049,0.750789
2012-01-11,136812,0.944004
2012-01-12,1.33226e+06,9.0594
2012-01-13,325690,2.08767
2012-01-14,432767,2.92118
2012-01-15,467879,3.27599
2012-01-16,1.15073e+06,7.68978
2012-01-17,252511,1.41406
2012-01-18,345601,2.04596
2012-01-19,875517,5.56811
2012-01-20,829585,5.38384
2012-01-21,161158,0.995958
2012-01-22,136913,0.86388
2012-01-23,195977,1.24563
2012-01-24,294457,1.85208
2012-01-25,209879,1.20681
2012-01-26,297242,1.58727
2012-01-27,772201,4.08649
2012-01-28,332964,1.87349
2012-01-29,7.47544e+06,40.2246
2012-01-30,1.09283e+06,6.00017
2012-01-31,222208,1.21854
2012-02-01,164285,0.998133
2012-02-02,340933,2.07969
2012-02-03,213326,1.27127
2012-02-04,265804,1.56118
2012-02-05,143407,0.815816
2012-02-06,159213,0.868267
2012-02-07,221668,1.26129
2012-02-08,170746,0.956176
2012-02-09,224919,1.31128
2012-02-10,110872,0.655544
2012-02-11,114702,0.64239
2012-02-12,128511,0.708699
2012-02-13,148815,0.782768
2012-02-14,358249,1.59883
2012-02-15,153386,0.66341
2012-02-16,226697,0.96888
2012-02-17,129138,0.569497
2012-02-18,122939,0.519048
2012-02-19,105117,0.461118
2012-02-20,158124,0.689657
2012-02-21,117507,0.501989
2012-02-22,112084,0.495939
2012-02-23,136578,0.684937
2012-02-24,136103,0.684437
2012-02-25,106421,0.507945
2012-02-26,129385,0.636833
2012-02-27,192107,0.952083
2012-02-28,126400,0.615317
2012-02-29,114248,0.555244
2012-03-01,199407,0.98134
2012-03-02,122224,0.575065
2012-03-03,109869,0.506981
2012-03-04,166963,0.804763
2012-03-05,149601,0.745658
2012-03-06,153723,0.767093
2012-03-07,138571,0.684192
2012-03-08,133723,0.659279
2012-03-09,134627,0.654434
2012-03-10,147898,0.71482
2012-03-11,114138,0.560416
2012-03-12,130444,0.637884
2012-03-13,290269,1.52972
2012-03-14,147211,0.791998
2012-03-15,121583,0.647625
2012-03-16,292627,1.56377
2012-03-17,118742,0.619346
2012-03-18,126335,0.666972
2012-03-19,142829,0.670425
2012-03-20,161035,0.779074
2012-03-21,112092,0.539713
2012-03-22,113754,0.535134
2012-03-23,159613,0.747946
2012-03-24,564914,2.64154
2012-03-25,250011,1.13755
2012-03-26,111584,0.515415
2012-03-27,143615,0.690977
2012-03-28,152126,0.728381
2012-03-29,135287,0.650514
2012-03-30,144876,0.704099
2012-03-31,168609,0.827649
2012-04-01,149965,0.72388
2012-04-02,138417,0.688486
2012-04-03,141724,0.701819
2012-04-04,156464,0.768256
2012-04-05,140895,0.693062
2012-04-06,140925,0.697562
2012-04-07,138361,0.648526
2012-04-08,148235,0.710417
2012-04-09,133157,0.648727
2012-04-10,191530,0.926371
2012-04-11,143660,0.707943
2012-04-12,169987,0.836283
2012-04-13,130367,0.644015
2012-04-14,176280,0.874295
2012-04-15,118530,0.588962
2012-04-16,148019,0.730029
2012-04-17,174044,0.866026
2012-04-18,147151,0.753087
2012-04-19,160940,0.826863
2012-04-20,168156,0.899632
2012-04-21,146998,0.773222
2012-04-22,166925,0.868594
2012-04-23,129883,0.644218
2012-04-24,194234,0.990246
2012-04-25,161122,0.826846
2012-04-26,298142,1.51981
2012-04-27,207272,1.05906
2012-04-28,210884,1.05007
2012-04-29,122227,0.599449
2012-04-30,124809,0.617693
2012-05-01,142868,0.714341
2012-05-02,149239,0.757194
2012-05-03,187380,0.962083
2012-05-04,168174,0.852136
2012-05-05,140161,0.711596
2012-05-06,131454,0.66383
2012-05-07,169017,0.855224
2012-05-08,160601,0.811035
2012-05-09,180009,0.907911
2012-05-10,165440,0.802386
2012-05-11,145372,0.721045
2012-05-12,138850,0.686781
2012-05-13,184883,0.911472
2012-05-14,224516,1.1239
2012-05-15,203749,1.02588
2012-05-16,152881,0.777968
2012-05-17,149790,0.763898
2012-05-18,156862,0.802821
2012-05-19,205051,1.04566
2012-05-20,146699,0.746697
2012-05-21,141348,0.720847
2012-05-22,122932,0.626806
2012-05-23,157281,0.808377
2012-05-24,165211,0.845714
2012-05-25,153197,0.788273
2012-05-26,155532,0.79371
2012-05-27,152470,0.783542
2012-05-28,147666,0.758383
2012-05-29,128130,0.659867
2012-05-30,164166,0.842993
2012-05-31,132754,0.687677
2012-06-01,136621,0.720647
2012-06-02,124332,0.652616
2012-06-03,131802,0.686045
2012-06-04,142936,0.752704
2012-06-05,160530,0.873285
2012-06-06,155277,0.84781
2012-06-07,147787,0.826277
2012-06-08,150145,0.845764
2012-06-09,156853,0.872103
2012-06-10,148949,0.814496
2012-06-11,129848,0.723862
2012-06-12,123078,0.701544
2012-06-13,157217,0.932141
2012-06-14,138620,0.82536
2012-06-15,137218,0.89192
2012-06-16,141671,0.906692
2012-06-17,142297,0.87709
2012-06-18,160258,1.01123
2012-06-19,152498,0.991056
2012-06-20,142690,0.951742
2012-06-21,250365,1.67246
2012-06-22,186673,1.2223
2012-06-23,169233,1.08792
2012-06-24,143201,0.909327
2012-06-25,126534,0.797774
2012-06-26,139032,0.892514
2012-06-27,135511,0.900741
2012-06-28,135132,0.892668
2012-06-29,124279,0.826454
2012-06-30,147127,0.984278
2012-07-01,120904,0.801472
2012-07-02,177131,1.19741
2012-07-03,128506,0.828848
2012-07-04,131680,0.857247
2012-07-05,130653,0.871456
2012-07-06,155937,1.03668
2012-07-07,405318,2.7408
2012-07-08,127558,0.867269
2012-07-09,145964,1.02489
2012-07-10,158058,1.138
2012-07-11,139160,0.994995
2012-07-12,126945,0.98565
2012-07-13,125405,0.961241
2012-07-14,155707,1.17435
2012-07-15,154387,1.17658
2012-07-16,150880,1.28242
2012-07-17,128642,1.13205
2012-07-18,175219,1.59621
2012-07-19,139975,1.24158
2012-07-20,228666,1.94823
2012-07-21,135165,1.1956
2012-07-22,127997,1.0764
2012-07-23,158300,1.33696
2012-07-24,130150,1.11929
2012-07-25,132374,1.16489
2012-07-26,136708,1.2167
2012-07-27,154406,1.37422
2012-07-28,143180,1.2726
2012-07-29,126342,1.10048
2012-07-30,127365,1.15877
2012-07-31,118369,1.10675
2012-08-01,151722,1.44899
2012-08-02,138504,1.45844
2012-08-03,210795,2.31242
2012-08-04,129055,1.41754
2012-08-05,188240,2.04617
2012-08-06,175470,1.90476
2012-08-07,163275,1.81235
2012-08-08,320084,3.53862
2012-08-09,133286,1.47429
2012-08-10,388632,4.42512
2012-08-11,146616,1.68758
2012-08-12,123037,1.43019
2012-08-13,125780,1.51407
2012-08-14,139318,1.69829
2012-08-15,141500,1.87488
2012-08-16,144254,1.94743
2012-08-17,178093,2.06296
2012-08-18,120072,1.39404
2012-08-19,119886,0.959092
2012-08-20,173382,1.75115
2012-08-21,143952,1.42728
2012-08-22,146400,1.43571
2012-08-23,164736,1.66384
2012-08-24,149251,1.58206
2012-08-25,175888,1.85103
2012-08-26,169181,1.79501
2012-08-27,209665,2.29583
2012-08-28,199790,2.1857
2012-08-29,176265,1.92427
2012-08-30,207313,2.23422
2012-08-31,184519,1.87471
2012-09-01,211494,2.10762
2012-09-02,216109,2.20519
2012-09-03,207972,2.18994
2012-09-04,167642,1.74092
2012-09-05,147283,1.62007
2012-09-06,143843,1.60831
2012-09-07,143051,1.57356
2012-09-08,166980,1.84295
2012-09-09,171757,1.89276
2012-09-10,169109,1.88895
2012-09-11,191193,2.16637
2012-09-12,170186,1.93414
2012-09-13,151828,1.73069
2012-09-14,125455,1.46406
2012-09-15,126089,1.48154
2012-09-16,113286,1.34471
2012-09-17,135484,1.6109
2012-09-18,157693,1.93173
2012-09-19,153513,1.93004
2012-09-20,139625,1.71495
2012-09-21,213968,2.64635
2012-09-22,134376,1.64447
2012-09-23,142791,1.7411
2012-09-24,215966,2.61319
2012-09-25,146462,1.7864
2012-09-26,135759,1.66576
2012-09-27,129610,1.59535
2012-09-28,404688,5.01449
2012-09-29,126665,1.56597
2012-09-30,114107,1.41492
2012-10-01,133592,1.65654
2012-10-02,200528,2.57478
2012-10-03,135978,1.75276
2012-10-04,852445,10.9539
2012-10-05,172723,2.19151
2012-10-06,145081,1.81424
2012-10-07,163049,1.92397
2012-10-08,158236,1.86372
2012-10-09,158047,1.87997
2012-10-10,165757,2.00898
2012-10-11,179556,2.16006
2012-10-12,153351,1.84021
2012-10-13,138681,1.64489
2012-10-14,132382,1.55402
2012-10-15,149451,1.76922
2012-10-16,154632,1.83237
2012-10-17,422521,4.98997
2012-10-18,118171,1.41094
2012-10-19,124958,1.46702
2012-10-20,123027,1.44433
2012-10-21,134668,1.56634
2012-10-22,134118,1.57054
2012-10-23,133667,1.55722
2012-10-24,139182,1.62146
2012-10-25,126172,1.37043
2012-10-26,168888,1.71769
2012-10-27,156000,1.60064
2012-10-28,145395,1.55572
2012-10-29,152801,1.61969
2012-10-30,171789,1.87035
2012-10-31,172699,1.9344
2012-11-01,183009,1.9344
2012-11-02,204872,2.14476
2012-11-03,172145,1.83205
2012-11-04,168711,1.82209
2012-11-05,167374,1.79894
2012-11-06,175258,1.91014
2012-11-07,175832,1.92008
2012-11-08,166218,1.81593
2012-11-09,165638,1.79138
2012-11-10,169007,1.84049
2012-11-11,167254,1.81784
2012-11-12,162698,1.79098
2012-11-13,168592,1.84628
2012-11-14,173266,1.89727
2012-11-15,193420,2.16586
2012-11-16,178319,2.09505
2012-11-17,153972,1.81516
2012-11-18,176265,2.05375
2012-11-19,168505,1.98834
2012-11-20,170786,2.00379
2012-11-21,166943,1.96492
2012-11-22,153064,1.90134
2012-11-23,163643,2.02018
2012-11-24,159820,1.9836
2012-11-25,171265,2.13775
2012-11-26,156919,1.92155
2012-11-27,623962,7.61233
2012-11-28,255256,3.15183
2012-11-29,170963,2.12849
2012-11-30,169459,2.12926
2012-12-01,173203,2.17577
2012-12-02,156909,1.96136
2012-12-03,177334,2.24842
2012-12-04,183712,2.46358
2012-12-05,165870,2.21934
2012-12-06,174231,2.3171
2012-12-07,169404,2.28693
2012-12-08,177392,2.38061
2012-12-09,165657,2.21782
2012-12-10,180838,2.42927
2012-12-11,185630,2.51658
2012-12-12,168630,2.31005
2012-12-13,228785,3.13438
2012-12-14,180452,2.45415
2012-12-15,169271,2.28348
2012-12-16,175405,2.33289
2012-12-17,188505,2.49771
2012-12-18,175286,2.33113
2012-12-19,180389,2.45311
2012-12-20,189983,2.56945
2012-12-21,191329,2.58295
2012-12-22,191937,2.56647
2012-12-23,192494,2.56248
2012-12-24,157104,2.10205
2012-12-25,186741,2.493
2012-12-26,161985,2.1816
2012-12-27,180850,2.42731
2012-12-28,175092,2.34994
2012-12-29,166275,2.22808
2012-12-30,183863,2.47296
2012-12-31,175058,2.36504
2013-01-01,176544,2.34876
2013-01-02,184023,2.44382
2013-01-03,215670,2.88952
2013-01-04,177682,2.3987
2013-01-05,188289,2.5306
2013-01-06,239530,3.22264
2013-01-07,203677,2.76748
2013-01-08,163401,2.24559
2013-01-09,170248,2.34432
2013-01-10,638715,9.03143
2013-01-11,194533,2.75012
2013-01-12,184476,2.62639
2013-01-13,181605,2.56354
2013-01-14,175107,2.50403
2013-01-15,175505,2.50094
2013-01-16,174333,2.56793
2013-01-17,170777,2.64704
2013-01-18,167942,2.63753
2013-01-19,258809,4.04131
2013-01-20,180812,2.83875
2013-01-21,161028,2.70527
2013-01-22,159540,2.75389
2013-01-23,202615,3.54576
2013-01-24,187431,3.16684
2013-01-25,184349,3.20768
2013-01-26,202361,3.61821
2013-01-27,195220,3.47846
2013-01-28,174601,3.26871
2013-01-29,199886,3.90285
2013-01-30,179309,3.53239
2013-01-31,199490,4.07159
2013-02-01,198870,4.07664
2013-02-02,304776,5.98275
2013-02-03,187847,3.86777
2013-02-04,179934,3.67607
2013-02-05,179425,3.69615
2013-02-06,171157,3.62511
2013-02-07,177592,3.93367
2013-02-08,181116,4.10409
2013-02-09,176351,4.1707
2013-02-10,182640,4.37784
2013-02-11,186392,4.59457
2013-02-12,181380,4.56529
2013-02-13,207719,5.0268
2013-02-14,182615,4.97087
2013-02-15,219909,5.95954
2013-02-16,215433,5.86319
2013-02-17,198046,5.31052
2013-02-18,194822,5.25046
2013-02-19,182202,5.35994
2013-02-20,173356,5.13914
2013-02-21,206163,6.13288
2013-02-22,187765,5.67903
2013-02-23,180374,5.37516
2013-02-24,181245,5.41742
2013-02-25,218476,6.64166
2013-02-26,196494,6.11096
2013-02-27,194132,5.9989
2013-02-28,208361,6.9551
2013-03-01,227983,7.8654
2013-03-02,195858,6.70815
2013-03-03,177978,6.14024
2013-03-04,187567,6.78092
2013-03-05,190262,7.67327
2013-03-06,522143,21.4183
2013-03-07,191168,8.02906
2013-03-08,184544,8.15316
2013-03-09,196830,9.2215
2013-03-10,180899,8.32134
2013-03-11,178751,8.65153
2013-03-12,274674,12.1653
2013-03-13,200547,9.40968
2013-03-14,188685,8.90019
2013-03-15,219268,10.2946
2013-03-16,178439,8.38669
2013-03-17,188142,8.91792
2013-03-18,185604,9.57717
2013-03-19,229717,13.5855
2013-03-20,169416,10.9254
2013-03-21,183074,12.9708
2013-03-22,226914,15.8534
2013-03-23,194000,12.4839
2013-03-24,165620,11.8418
2013-03-25,183023,13.4705
2013-03-26,186221,14.6184
2013-03-27,240616,21.3956
2013-03-28,190916,16.4531
2013-03-29,196475,17.781
2013-03-30,197511,18.2085
2013-03-31,183797,17.0986
2013-04-01,156647,16.2913
2013-04-02,192938,22.7628
2013-04-03,219752,29.6665
2013-04-04,223800,29.5684
2013-04-05,190817,27.1578
2013-04-06,150479,21.463
2013-04-07,160349,26.0248
2013-04-08,153107,28.7076
2013-04-09,156493,35.9933
2013-04-10,201196,33.1974
2013-04-11,183143,22.8745
2013-04-12,199545,23.3468
2013-04-13,166372,15.4726
2013-04-14,199478,17.953
2013-04-15,280490,23.1085
2013-04-16,162512,11.1086
2013-04-17,291410,27.1215
2013-04-18,200788,21.8879
2013-04-19,191282,22.6631
2013-04-20,191164,24.2043
2013-04-21,152604,18.1903
2013-04-22,206904,26.3596
2013-04-23,209171,30.0108
2013-04-24,184415,28.4367
2013-04-25,201070,28.4936
2013-04-26,150969,20.6677
2013-04-27,180755,23.1367
2013-04-28,152533,20.5072
2013-04-29,178893,25.7606
2013-04-30,169604,23.6134
2013-05-01,159237,18.532
2013-05-02,199507,21.1976
2013-05-03,181753,17.83
2013-05-04,183083,20.6701
2013-05-05,145380,16.8612
2013-05-06,195855,21.9847
2013-05-07,163123,17.8783
2013-05-08,201545,22.8149
2013-05-09,212792,24.0028
2013-05-10,196534,23.1321
2013-05-11,178126,20.5985
2013-05-12,185106,21.2539
2013-05-13,200005,23.5965
2013-05-14,184883,20.5959
2013-05-15,197112,22.5141
2013-05-16,260527,30.7969
2013-05-17,198045,24.4586
2013-05-18,158728,19.557
2013-05-19,214004,26.2155
2013-05-20,186528,22.7601
2013-05-21,177601,21.8253
2013-05-22,201860,24.9903
2013-05-23,200527,25.3265
2013-05-24,180413,24.0129
2013-05-25,192719,25.4362
2013-05-26,145624,19.4409
2013-05-27,187263,24.3011
2013-05-28,205008,26.446
2013-05-29,194482,25.7202
2013-05-30,170050,21.9022
2013-05-31,175190,22.5672
2013-06-01,155446,20.0992
2013-06-02,202945,24.8608
2013-06-03,219089,26.4521
2013-06-04,196494,23.8544
2013-06-05,221565,27.0088
2013-06-06,159258,18.947
2013-06-07,157338,17.4645
2013-06-08,207692,22.4084
2013-06-09,169442,17.0183
2013-06-10,167353,17.798
2013-06-11,215365,23.4748
2013-06-12,197797,21.5155
2013-06-13,203763,21.181
2013-06-14,154947,15.4947
2013-06-15,198086,19.769
2013-06-16,159205,15.9046
2013-06-17,178279,18.1755
2013-06-18,180908,19.4205
2013-06-19,171921,18.6107
2013-06-20,287024,31.9429
2013-06-21,194078,21.2516
2013-06-22,269030,29.109
2013-06-23,187269,20.2063
2013-06-24,193314,19.7355
2013-06-25,168561,17.4173
2013-06-26,192189,19.9876
2013-06-27,144788,14.7303
2013-06-28,210566,19.9322
2013-06-29,136856,13.0011
2013-06-30,205962,20.0834
2013-07-01,135980,11.5049
2013-07-02,198608,17.4092
2013-07-03,178758,13.7447
2013-07-04,145797,11.3263
2013-07-05,194146,12.8796
2013-07-06,189686,12.6814
2013-07-07,130559,9.4662
2013-07-08,181367,13.5227
2013-07-09,182369,13.5364
2013-07-10,146101,12.3478
2013-07-11,176469,16.0975
2013-07-12,131694,11.6503
2013-07-13,185775,16.9777
2013-07-14,137261,12.4045
2013-07-15,130110,12.1185
2013-07-16,197833,18.3474
2013-07-17,181902,16.4699
2013-07-18,198892,16.9913
2013-07-19,127781,10.9607
2013-07-20,149208,12.7823
2013-07-21,149063,12.7408
2013-07-22,181072,15.5878
2013-07-23,122685,10.6661
2013-07-24,179872,15.7312
2013-07-25,165459,14.7937
2013-07-26,117267,10.6282
2013-07-27,187335,16.691
2013-07-28,136721,12.592
2013-07-29,154713,14.4344
2013-07-30,191783,18.4706
2013-07-31,207584,20.3256
2013-08-01,160270,15.4529
2013-08-02,127060,12.3553
2013-08-03,124291,12.0139
2013-08-04,155763,15.0467
2013-08-05,121503,11.7761
2013-08-06,174695,16.9687
2013-08-07,125783,12.1909
2013-08-08,189851,17.9932
2013-08-09,201285,18.792
2013-08-10,125726,11.7287
2013-08-11,188635,17.7623
2013-08-12,87788.3,8.34735
2013-08-13,117459,11.4995
2013-08-14,181274,17.7576
2013-08-15,228659,22.3046
2013-08-16,153394,15.0832
2013-08-17,117578,11.7066
2013-08-18,181929,17.9828
2013-08-19,154696,15.8254
2013-08-20,118982,12.4946
2013-08-21,118978,13.2595
2013-08-22,135583,14.8775
2013-08-23,130118,13.9939
2013-08-24,115917,12.5987
2013-08-25,140684,15.7278
2013-08-26,163376,18.3357
2013-08-27,134111,15.7508
2013-08-28,918045,107.953
2013-08-29,107865,12.6766
2013-08-30,154532,19.0434
2013-08-31,143424,18.5676
2013-09-01,119236,15.2932
2013-09-02,208606,26.5691
2013-09-03,123409,15.7459
2013-09-04,113178,13.6463
2013-09-05,128072,15.4369
2013-09-06,123580,14.375
2013-09-07,108020,12.8603
2013-09-08,126968,14.8038
2013-09-09,121985,14.6405
2013-09-10,106701,12.9597
2013-09-11,105699,13.2601
2013-09-12,124947,15.7133
2013-09-13,102197,12.9286
2013-09-14,103532,12.8464
2013-09-15,109468,13.6373
2013-09-16,165886,20.746
2013-09-17,1.02301e+06,128.867
2013-09-18,398003,50.2696
2013-09-19,353577,43.912
2013-09-20,103351,12.7019
2013-09-21,114154,14.0003
2013-09-22,115266,14.1374
2013-09-23,136290,16.6578
2013-09-24,109903,13.4673
2013-09-25,128797,15.8966
2013-09-26,104759,12.9353
2013-09-27,377219,46.5858
2013-09-28,130379,16.2645
2013-09-29,132766,16.6198
2013-09-30,118808,14.625
2013-10-01,150537,18.8914
2013-10-02,129305,12.9064
2013-10-03,126849,14.818
2013-10-04,106055,12.8638
2013-10-05,124162,15.041
2013-10-06,101735,12.3794
2013-10-07,144063,17.7551
2013-10-08,84043.3,10.4481
2013-10-09,125883,15.8414
2013-10-10,117942,14.8251
2013-10-11,96783,12.1474
2013-10-12,140379,17.7612
2013-10-13,118293,15.4272
2013-10-14,116971,15.5612
2013-10-15,148100,20.5328
2013-10-16,192116,26.4003
2013-10-17,164540,23.4856
2013-10-18,140055,20.9515
2013-10-19,125613,20.0745
2013-10-20,118061,19.2515
2013-10-21,128178,22.3258
2013-10-22,126964,23.3442
2013-10-23,154249,30.9454
2013-10-24,148863,27.2639
2013-10-25,171571,30.5605
2013-10-26,153837,27.06
2013-10-27,278127,51.645
2013-10-28,131940,24.7873
2013-10-29,148588,29.4491
2013-10-30,123206,23.9696
2013-10-31,105539,20.9207
2013-11-01,159110,31.5849
2013-11-02,110896,22.2732
2013-11-03,206450,42.8659
2013-11-04,222619,50.1328
2013-11-05,174198,41.6839
2013-11-06,484646,122.952
2013-11-07,408080,115.61
2013-11-08,347764,112.595
2013-11-09,190428,64.0098
2013-11-10,154712,48.2547
2013-11-11,221667,73.7324
2013-11-12,79530.4,27.7833
2013-11-13,74271.8,29.2096
2013-11-14,69052.2,28.3613
2013-11-15,59636.5,24.4013
2013-11-16,62979.6,27.0072
2013-11-17,65819.8,31.3496
2013-11-18,68556.2,46.2327
2013-11-19,62921.6,34.0926
2013-11-20,66322.4,37.9807
2013-11-21,64766.7,45.069
2013-11-22,59818.1,44.713
2013-11-23,59186.4,45.9701
2013-11-24,57048.2,42.8647
2013-11-25,59686,46.476
2013-11-26,63266.6,56.8894
2013-11-27,66523.5,63.0915
2013-11-28,68439.6,71.0235
2013-11-29,60460.7,67.74
2013-11-30,56890,63.9877
2013-12-01,52045.6,49.2832
2013-12-02,57744.5,59.9589
2013-12-03,55301.9,59.0994
2013-12-04,52593.8,60.338
2013-12-05,55817.8,58.1637
2013-12-06,54873.5,45.7659
2013-12-07,117398,81.5292
2013-12-08,48670.6,38.7124
2013-12-09,56395.3,50.6443
2013-12-10,47709.4,47.2322
2013-12-11,54204.4,47.8767
2013-12-12,51856.9,45.4135
2013-12-13,49406.4,44.3774
2013-12-14,37576.7,32.5976
2013-12-15,38040.9,33.4558
2013-12-16,43659.3,31.1076
2013-12-17,44575.2,30.4823
2013-12-18,46034.7,24.0407
2013-12-19,49359.3,34.475
2013-12-20,49999.1,31.1415
2013-12-21,44626.6,27.176
2013-12-22,42047.5,25.9776
2013-12-23,42252.7,28.4431
2013-12-24,42991.7,28.7022
2013-12-25,43271.5,29.7429
2013-12-26,44837.4,34.3099
2013-12-27,45949.3,34.3114
2013-12-28,43901.1,32.0685
2013-12-29,49815.3,37.1159
2013-12-30,39039.8,29.4659
2013-12-31,41641.1,31.543
2014-01-01,43872.6,33.801
2014-01-02,48623.5,39.2902
2014-01-03,43870.4,36.4135
2014-01-04,47251.5,40.5883
2014-01-05,43728.2,41.1087
2014-01-06,78384.3,74.5738
2014-01-07,49913.9,40.4594
2014-01-08,46594.1,40.0685
2014-01-09,43788,37.6969
2014-01-10,46092.7,40.7767
2014-01-11,41849.8,38.9582
2014-01-12,45473.3,39.7102
2014-01-13,42828.7,36.7451
2014-01-14,57154.6,48.6859
2014-01-15,56768.5,49.6562
2014-01-16,45059.1,38.1819
2014-01-17,50950.3,42.1982
2014-01-18,50732.4,42.8059
2014-01-19,47506.2,41.7427
2014-01-20,42672.4,37.1697
2014-01-21,42893,37.5009
2014-01-22,45068.5,38.9369
2014-01-23,51299.6,43.8277
2014-01-24,47530.9,39.2188
2014-01-25,43416.7,37.4188
2014-01-26,43558.8,38.3383
2014-01-27,41396.3,33.7185
2014-01-28,42802.4,35.6946
2014-01-29,45717.6,38.2891
2014-01-30,43479.3,36.7768
2014-01-31,46823.4,39.7197
2014-02-01,40057.4,34.1696
2014-02-02,36859.5,31.4918
2014-02-03,37262.6,31.5579
2014-02-04,37513.9,31.5871
2014-02-05,37430.8,30.7257
2014-02-06,39429.5,30.8978
2014-02-07,40412.9,28.4332
2014-02-08,36244.9,24.5345
2014-02-09,36796.2,25.0927
2014-02-10,40146.2,27.2887
2014-02-11,40260.5,26.9521
2014-02-12,36006.9,23.3463
2014-02-13,36407.5,21.7865
2014-02-14,39973.2,26.2467
2014-02-15,37388.8,24.1318
2014-02-16,40105.1,24.4903
2014-02-17,70421.6,43.7666
2014-02-18,36448.7,22.6428
2014-02-19,35275.8,21.7902
2014-02-20,37081.6,20.477
2014-02-21,35837.6,20.3931
2014-02-22,37235.1,22.5178
2014-02-23,34140.9,20.641
2014-02-24,35373.1,19.2898
2014-02-25,39133.5,20.9251
2014-02-26,34936.9,20.1616
2014-02-27,36823.7,21.2361
2014-02-28,38401.3,20.8875
2014-03-01,33554,18.9156
2014-03-02,32430.9,18.1712
2014-03-03,35126.7,23.223
2014-03-04,32706.3,21.7039
2014-03-05,32451.1,21.4757
2014-03-06,34634.5,22.8146
2014-03-07,33597.8,21.0264
2014-03-08,32853,20.2125
2014-03-09,34402.7,21.7832
2014-03-10,39288.4,24.5878
2014-03-11,36303.5,22.8332
2014-03-12,37959.7,23.9674
2014-03-13,35291.4,22.5218
2014-03-14,33601.5,21.0583
2014-03-15,35609.5,22.5645
2014-03-16,43349.2,27.3411
2014-03-17,38524.3,23.9322
2014-03-18,38199.3,23.4403
2014-03-19,37925.9,23.0899
2014-03-20,35900.7,21.059
2014-03-21,33781.5,19.2815
2014-03-22,42632.3,24.0626
2014-03-23,36031.3,20.2263
2014-03-24,31869.9,18.6844
2014-03-25,37665.1,21.9316
2014-03-26,39179.3,22.6876
2014-03-27,33388.5,15.965
2014-03-28,32263.7,16.2106
2014-03-29,32472.8,16.0149
2014-03-30,33519.4,15.4816
2014-03-31,33581.7,15.3971
2014-04-01,33106.3,15.8485
2014-04-02,34323.9,15.0172
2014-04-03,37711.4,16.8601
2014-04-04,35099,15.7552
2014-04-05,34117.3,15.8586
2014-04-06,32310.4,14.8855
2014-04-07,38615.6,17.231
2014-04-08,37694.7,16.9801
2014-04-09,51751.8,22.7811
2014-04-10,36581,13.1999
2014-04-11,37019.9,15.5505
2014-04-12,33240,13.9828
2014-04-13,34060.2,14.1333
2014-04-14,36860.6,16.8686
2014-04-15,37606.1,19.5598
2014-04-16,33173.8,17.5543
2014-04-17,39743.5,19.6492
2014-04-18,37087.3,17.7363
2014-04-19,41129.4,20.6285
2014-04-20,36090.6,17.9485
2014-04-21,38366.9,18.9184
2014-04-22,34537.6,16.731
2014-04-23,36547.8,17.7963
2014-04-24,35438.4,17.7283
2014-04-25,33143.8,15.2332
2014-04-26,31231.7,14.246
2014-04-27,36730.8,15.7815
2014-04-28,35291.8,15.4246
2014-04-29,32601.4,14.4833
2014-04-30,34978.2,15.5956
2014-05-01,32208.4,14.6956
2014-05-02,34940.7,15.6061
2014-05-03,35705,15.6009
2014-05-04,32576.2,14.1401
2014-05-05,36259,15.5814
2014-05-06,35345.2,15.0921
2014-05-07,34935.8,15.2656
2014-05-08,35207.8,15.3274
2014-05-09,42277.7,18.9504
2014-05-10,33127.6,14.9972
2014-05-11,29372.8,12.8225
2014-05-12,33176.9,14.5457
2014-05-13,33069.3,14.4649
2014-05-14,30661.3,13.5446
2014-05-15,30337.7,13.4795
2014-05-16,30700.6,13.6622
2014-05-17,28551.8,12.7443
2014-05-18,27405.1,12.19
2014-05-19,28264.4,12.5582
2014-05-20,30441,14.7892
2014-05-21,30958.1,15.1435
2014-05-22,30381.9,15.9826
2014-05-23,30818.7,15.9961
2014-05-24,37909,19.9262
2014-05-25,28791.7,16.414
2014-05-26,31943.8,18.5858
2014-05-27,30135.2,17.166
2014-05-28,33228.3,19.0882
2014-05-29,31222.8,17.6566
2014-05-30,31611,19.4872
2014-05-31,31539.7,19.6574
2014-06-01,30027.9,18.8883
2014-06-02,30467.1,20.0713
2014-06-03,32237.3,21.4614
2014-06-04,32574.1,20.7427
2014-06-05,30979,20.3241
2014-06-06,28490.6,18.3925
2014-06-07,30813.8,20.1124
2014-06-08,28543.9,18.6574
2014-06-09,30642.4,19.7748
2014-06-10,29245.4,19.0039
2014-06-11,30762.8,19.3163
2014-06-12,32712.3,19.0321
2014-06-13,30705.3,18.3442
2014-06-14,29164,16.6727
2014-06-15,29310.1,17.3507
2014-06-16,29530.4,17.3656
2014-06-17,30506.4,18.5278
2014-06-18,34913.1,21.1181
2014-06-19,31073.6,18.4038
2014-06-20,32371.9,19.0516
2014-06-21,29473.2,17.4195
2014-06-22,28435.5,17.0294
2014-06-23,31455.4,18.4788
2014-06-24,29188.9,16.7856
2014-06-25,32574.1,18.3108
2014-06-26,28876.8,16.7307
2014-06-27,29611.4,17.7925
2014-06-28,28640.1,16.9548
2014-06-29,28269.5,16.9222
2014-06-30,27688.7,17.7031
2014-07-01,29970.7,19.0491
2014-07-02,31970.3,20.6956
2014-07-03,29608.3,18.9697
2014-07-04,30884.2,19.3631
2014-07-05,29695.9,18.6588
2014-07-06,28022.3,17.7018
2014-07-07,29472,18.2134
2014-07-08,28718.8,17.812
2014-07-09,27496.5,17.0629
2014-07-10,29642.1,18.2332
2014-07-11,29911,18.8792
2014-07-12,28668.5,18.1895
2014-07-13,27731.8,17.4038
2014-07-14,33190.5,20.5243
2014-07-15,30533,18.9108
2014-07-16,33853.1,20.8266
2014-07-17,30340.9,18.891
2014-07-18,31032.1,19.4949
2014-07-19,30653.1,19.1828
2014-07-20,27187.9,16.8938
2014-07-21,28094.6,17.4189
2014-07-22,30427.4,18.8287
2014-07-23,28991.9,17.9149
2014-07-24,27745.1,16.6473
2014-07-25,27450.4,16.4683
2014-07-26,28624.8,16.9989
2014-07-27,26731.6,15.7969
2014-07-28,27210.3,15.9096
2014-07-29,28942.5,16.8504
2014-07-30,27872.8,15.7306
2014-07-31,27598,16.0441
2014-08-01,28040.8,16.6866
2014-08-02,27421.7,16.1044
2014-08-03,28081.3,16.4418
2014-08-04,28832.4,16.9178
2014-08-05,27711.6,16.159
2014-08-06,27972.2,16.3088
2014-08-07,27517.6,16.1638
2014-08-08,28048.8,16.5638
2014-08-09,26862.2,15.7975
2014-08-10,26970.2,15.8976
2014-08-11,27282.5,15.6412
2014-08-12,28135.6,15.9869
2014-08-13,27070.7,14.7418
2014-08-14,26209.5,13.3289
2014-08-15,28258.2,14.0335
2014-08-16,26656.1,13.8567
2014-08-17,103764,51.1508
2014-08-18,28247.6,13.0129
2014-08-19,31127.1,15.1507
2014-08-20,29221.2,14.9591
2014-08-21,27600.9,14.2465
2014-08-22,27695.4,14.2338
2014-08-23,27311.2,13.5797
2014-08-24,25632.6,13.0361
2014-08-25,41406.4,20.7707
2014-08-26,27373.3,14.0554
2014-08-27,26954.5,13.7584
2014-08-28,26840.7,13.6087
2014-08-29,29043,14.7661
2014-08-30,27026.1,13.5456
2014-08-31,26394,12.6183
2014-09-01,27111.3,12.8544
2014-09-02,27969.9,13.2946
2014-09-03,27657.7,13.1246
2014-09-04,28411.1,13.8955
2014-09-05,27962.8,13.4361
2014-09-06,27533.7,13.2778
2014-09-07,50708.7,24.314
2014-09-08,28613.1,13.5096
2014-09-09,27465,12.9513
2014-09-10,26509.4,12.659
2014-09-11,27674.3,13.1822
2014-09-12,28720.6,13.6085
2014-09-13,29178,13.9204
2014-09-14,25921.9,12.3055
2014-09-15,26838,12.6503
2014-09-16,28374.5,13.1583
2014-09-17,27475.2,12.4989
2014-09-18,29206,12.3092
2014-09-19,28080.4,11.0059
2014-09-20,28063,11.4167
2014-09-21,26172.2,10.379
2014-09-22,26832.3,10.703
2014-09-23,27485.4,11.9665
2014-09-24,27804.9,11.742
2014-09-25,27144,11.0964
2014-09-26,115313,46.3466
2014-09-27,26786.6,10.6706
2014-09-28,25248.7,9.49852
2014-09-29,27613.6,10.3478
2014-09-30,26713.1,10.3184
2014-10-01,27781.1,10.5938
2014-10-02,27311.6,10.1595
2014-10-03,28480.8,10.155
2014-10-04,29540.8,9.6153
2014-10-05,26293.2,8.40436
2014-10-06,28025.8,9.20535
2014-10-07,29620.3,9.89588
2014-10-08,28306,9.98603
2014-10-09,31325.2,11.3953
2014-10-10,29443.6,10.561
2014-10-11,29037.7,10.4304
2014-10-12,26056.2,9.80205
2014-10-13,28587.3,11.1027
2014-10-14,27328.4,10.896
2014-10-15,28019.3,10.9792
2014-10-16,28888.9,10.9801
2014-10-17,28434.4,10.8171
2014-10-18,28123.8,10.9391
2014-10-19,25470.5,9.84659
2014-10-20,28031.7,10.6344
2014-10-21,27327.1,10.4493
2014-10-22,27589.6,10.4591
2014-10-23,27561.4,9.80803
2014-10-24,28857.9,10.2494
2014-10-25,27027.7,9.35463
2014-10-26,26988.5,9.48758
2014-10-27,27033.2,9.43354
2014-10-28,27417.7,9.6482
2014-10-29,28860.2,9.62137
2014-10-30,27347.5,9.4016
2014-10-31,27003.3,9.0947
2014-11-01,32667.3,10.6295
2014-11-02,25881.8,8.37904
2014-11-03,32376.9,10.4976
2014-11-04,27499.9,9.02774
2014-11-05,27737.9,9.35152
2014-11-06,26915.8,9.37301
2014-11-07,26370.8,8.99455
2014-11-08,26585.9,9.14646
2014-11-09,31779.6,11.5457
2014-11-10,26397.3,9.64267
2014-11-11,26921.4,9.87998
2014-11-12,27730.9,11.8478
2014-11-13,26076.6,10.8779
2014-11-14,26349.9,10.4985
2014-11-15,27818,10.4353
2014-11-16,24487.7,9.5148
2014-11-17,28549.2,11.016
2014-11-18,26210,9.76001
2014-11-19,27610.8,10.4158
2014-11-20,26705.7,9.51092
2014-11-21,27327,9.53333
2014-11-22,26986.4,9.50033
2014-11-23,25167.8,9.23075
2014-11-24,25697.1,9.64247
2014-11-25,24406.1,9.1698
2014-11-26,25984.6,9.57559
2014-11-27,24588.1,9.07653
2014-11-28,24084.3,9.05206
2014-11-29,25840.7,9.69603
2014-11-30,22156.3,8.35492
2014-12-01,25787.9,9.76443
2014-12-02,24219.1,9.24046
2014-12-03,24871.4,9.32608
2014-12-04,26837.4,9.90716
2014-12-05,24517.4,9.21943
2014-12-06,25022.9,9.35907
2014-12-07,24734.4,9.25699
2014-12-08,27527.3,9.93576
2014-12-09,24718.2,8.68275
2014-12-10,25126.1,8.65887
2014-12-11,24723.4,8.58231
2014-12-12,24661.9,8.65489
2014-12-13,25027,8.69618
2014-12-14,23318,8.18797
2014-12-15,24473.8,8.44581
2014-12-16,24225.2,7.89938
2014-12-17,25702.1,8.20336
2014-12-18,24954.6,7.75452
2014-12-19,27246.3,8.63723
2014-12-20,23608.3,7.78069
2014-12-21,24396.1,7.78823
2014-12-22,24255.4,8.02056
2014-12-23,24125.3,8.05896
2014-12-24,24960.6,8.03444
2014-12-25,25122.2,8.00424
2014-12-26,46239.4,15.1276
2014-12-27,38875.7,12.2523
2014-12-28,25993.7,8.2347
2014-12-29,31022.6,9.69275
2014-12-30,29743,9.21647
2014-12-31,27791.2,8.88474
2015-01-01,26087.1,8.18939
2015-01-02,27077,8.5182
2015-01-03,24710,6.91511
2015-01-04,44882.9,11.8327
2015-01-05,28603.3,7.80724
2015-01-06,25915.7,7.40089
2015-01-07,26655.6,7.86013
2015-01-08,28374.4,8.03708
2015-01-09,26760.9,7.72972
2015-01-10,26079.4,7.1475
2015-01-11,26219.5,6.95783
2015-01-12,59799.7,15.9717
2015-01-13,25797.2,5.85551
2015-01-14,24996.9,4.43144
2015-01-15,27063.8,5.69595
2015-01-16,26665.8,5.52579
2015-01-17,24749,4.94052
2015-01-18,28314.3,5.94408
2015-01-19,24775.1,5.30133
2015-01-20,27082.2,5.7003
2015-01-21,25438.7,5.74868
2015-01-22,25069.7,5.83275
2015-01-23,28284.3,6.58931
2015-01-24,24632.8,6.10859
2015-01-25,23286.3,5.92653
2015-01-26,25686.8,6.98551
2015-01-27,24516.5,6.42481
2015-01-28,25861.9,6.03122
2015-01-29,26457.9,6.14894
2015-01-30,26021.5,5.89397
2015-01-31,23986.3,5.20296
2015-02-01,24134.8,5.46401
2015-02-02,25445.5,6.04434
2015-02-03,25500,5.7874
2015-02-04,25475.2,5.77596
2015-02-05,25556.4,5.53989
2015-02-06,25395.9,5.65014
2015-02-07,25997.7,5.90998
2015-02-08,21913.9,4.88389
2015-02-09,25270.2,5.56386
2015-02-10,25068.6,5.51717
2015-02-11,26239.7,5.7594
2015-02-12,25056.2,5.55876
2015-02-13,23822.1,5.61695
2015-02-14,22573.3,5.81203
2015-02-15,21074.2,4.9383
2015-02-16,23620.6,5.51688
2015-02-17,24062.4,5.86155
2015-02-18,24846.1,5.86898
2015-02-19,25923.5,6.21735
2015-02-20,25012.4,6.0974
2015-02-21,22735.1,5.55319
2015-02-22,22994.2,5.41581
2015-02-23,25290.8,6.02135
2015-02-24,25669.2,6.12878
2015-02-25,26949.8,6.39388
2015-02-26,25838.6,6.10036
2015-02-27,25229.4,6.3707
2015-02-28,21521.3,5.45625
2015-03-01,25301.1,6.54646
2015-03-02,23866.1,6.47614
2015-03-03,24385.9,6.86342
2015-03-04,25875.5,7.03614
2015-03-05,23672.6,6.50676
2015-03-06,28944.8,7.8791
2015-03-07,24103.6,6.64994
2015-03-08,24093.4,6.61305
2015-03-09,24489.1,7.06551
2015-03-10,25250.8,7.33566
2015-03-11,24451.2,7.23341
2015-03-12,23165.6,6.80761
2015-03-13,25165.8,7.15422
2015-03-14,23948.2,6.73811
2015-03-15,23926.8,6.82732
2015-03-16,25320.1,7.35236
2015-03-17,26805.5,7.62497
2015-03-18,26274.8,6.70969
2015-03-19,26346.7,6.8433
2015-03-20,29034.9,7.57341
2015-03-21,25429.3,6.60186
2015-03-22,23731.2,6.35513
2015-03-23,29157,7.75411
2015-03-24,27036.5,6.6359
2015-03-25,31199.4,7.67922
2015-03-26,26696.4,6.61131
2015-03-27,27196.8,6.70623
2015-03-28,24901.2,6.28138
2015-03-29,23671.4,5.72887
2015-03-30,26233.1,6.4757
2015-03-31,27179.7,6.61524
2015-04-01,27197.4,6.70564
2015-04-02,25774,6.50167
2015-04-03,24989.7,6.33599
2015-04-04,26458,6.69706
2015-04-05,26547.3,6.90085
2015-04-06,27246,6.93461
2015-04-07,26231.8,6.63131
2015-04-08,27972,6.83525
2015-04-09,32353.2,7.87026
2015-04-10,48791.3,11.4767
2015-04-11,30282.1,7.15011
2015-04-12,29691.4,6.99634
2015-04-13,26775.8,5.98186
2015-04-14,27146.3,5.92533
2015-04-15,28311.2,6.32943
2015-04-16,27876.8,6.35889
2015-04-17,27549.5,6.1224
2015-04-18,24826.7,5.53246
2015-04-19,24398.4,5.40892
2015-04-20,28195.4,6.32445
2015-04-21,26486.9,6.24601
2015-04-22,26567.3,6.21471
2015-04-23,26660.3,6.28013
2015-04-24,25524,5.89059
2015-04-25,185578,41.9134
2015-04-26,24671.1,5.39841
2015-04-27,26319.9,6.01407
2015-04-28,27369.2,6.17658
2015-04-29,26864.4,6.07071
2015-04-30,28503.7,6.74314
2015-05-01,27431.8,6.36758
2015-05-02,25648.3,6.02491
2015-05-03,25345,6.08584
2015-05-04,26974.9,6.44076
2015-05-05,27502.7,6.50584
2015-05-06,27009.2,6.21341
2015-05-07,26972.9,6.4137
2015-05-08,27664.3,6.73334
2015-05-09,27160.7,6.53168
2015-05-10,28632,6.86112
2015-05-11,27897.3,6.74706
2015-05-12,26603.9,6.41127
2015-05-13,26922.6,6.3483
2015-05-14,26942.3,6.37828
2015-05-15,27823,6.60268
2015-05-16,25574.1,6.0285
2015-05-17,24546.3,5.79537
2015-05-18,27488.1,6.40103
2015-05-19,26815.8,6.21974
2015-05-20,26598.7,6.23063
2015-05-21,27961.9,6.57956
2015-05-22,26984.9,6.49038
2015-05-23,26284.3,6.28281
2015-05-24,23246.3,5.6067
2015-05-25,25882.4,6.14675
2015-05-26,29933.3,7.10398
2015-05-27,26499.9,6.28537
2015-05-28,27202,6.4597
2015-05-29,27439.2,6.50597
2015-05-30,26118.6,6.09332
2015-05-31,70263.1,16.1605
2015-06-01,30981.1,6.91835
2015-06-02,26408.5,5.96162
2015-06-03,26931,6.07684
2015-06-04,27606.2,6.19403
2015-06-05,27355.5,6.15596
2015-06-06,27884.4,6.29292
2015-06-07,24456.3,5.46328
2015-06-08,29701.7,6.79115
2015-06-09,27991.9,6.41946
2015-06-10,24242.1,5.55028
2015-06-11,28156.8,6.47659
2015-06-12,27004.6,6.21657
2015-06-13,28362.8,6.60153
2015-06-14,26550.5,6.20894
2015-06-15,26921.9,6.38882
2015-06-16,29753.7,7.46512
2015-06-17,29053.6,7.23924
2015-06-18,36187.7,9.00615
2015-06-19,36022.6,8.77319
2015-06-20,26076.5,6.39554
2015-06-21,24703,6.02777
2015-06-22,30990.1,7.64743
2015-06-23,25685.3,6.26687
2015-06-24,27213.3,6.53705
2015-06-25,30636.3,7.42691
2015-06-26,28307,6.86847
2015-06-27,26754,6.7074
2015-06-28,26471.9,6.5668
2015-06-29,27446.7,7.03974
2015-06-30,34535.7,9.06508
2015-07-01,24859.8,6.40539
2015-07-02,33115.7,8.42299
2015-07-03,32924.4,8.41536
2015-07-04,30291.5,7.88634
2015-07-05,33391.6,9.04962
2015-07-06,38752.1,10.4047
2015-07-07,42020.2,11.1335
2015-07-08,42815.9,11.5451
2015-07-09,40582.6,10.8807
2015-07-10,37682,10.6972
2015-07-11,35058.3,10.2261
2015-07-12,42325.8,13.12
2015-07-13,30382.1,8.83759
2015-07-14,28329.1,8.10737
2015-07-15,25786.4,7.31879
2015-07-16,29247.4,8.12572
2015-07-17,24187.1,6.73583
2015-07-18,44678.5,12.264
2015-07-19,20202.6,5.50498
2015-07-20,58527.1,16.2948
2015-07-21,37775.9,10.3921
2015-07-22,38398.4,10.6217
2015-07-23,47371.3,13.0568
2015-07-24,36639.9,10.5513
2015-07-25,37090.2,10.6869
2015-07-26,33921.8,9.89285
2015-07-27,39543.7,11.5757
2015-07-28,35740.7,10.5001
2015-07-29,30551.6,8.82233
2015-07-30,32667,9.3849
2015-07-31,33091.1,9.39593
2015-08-01,28898,8.0925
2015-08-02,32220.5,9.0749
2015-08-03,37952.2,10.6448
2015-08-04,32453.3,9.23308
2015-08-05,31830.9,8.95652
2015-08-06,33011.7,9.18557
2015-08-07,36736.6,10.2506
2015-08-08,39755.6,10.3444
2015-08-09,36346.6,9.61144
2015-08-10,38007,10.0248
2015-08-11,39294.9,10.6456
2015-08-12,40400.5,10.7321
2015-08-13,37850.8,9.96752
2015-08-14,39454.3,10.4502
2015-08-15,38298.4,9.98572
2015-08-16,36320.1,9.35873
2015-08-17,37618.5,9.66735
2015-08-18,37921.8,8.30505
2015-08-19,37417.9,8.43379
2015-08-20,42209,9.90591
2015-08-21,38467.5,8.92217
2015-08-22,37508.5,8.61738
2015-08-23,37781.1,8.59857
2015-08-24,36426.4,7.61793
2015-08-25,38492.2,8.53417
2015-08-26,40655.1,9.16284
2015-08-27,39816,8.92918
2015-08-28,38170.4,8.8167
2015-08-29,38072.3,8.74735
2015-08-30,34994.1,7.99997
2015-08-31,38683,8.89777
2015-09-01,36329.2,8.25933
2015-09-02,44587,10.204
2015-09-03,38780.9,8.79415
2015-09-04,45266.7,10.4152
2015-09-05,42269.1,9.91958
2015-09-06,36949.5,8.84713
2015-09-07,40948.2,9.82839
2015-09-08,27226.8,6.63101
2015-09-09,25045.6,5.96815
2015-09-10,23275.4,5.55326
2015-09-11,34543.9,8.29342
2015-09-12,32554.3,7.64436
2015-09-13,26961,6.20988
2015-09-14,27669.6,6.37066
2015-09-15,25878.6,5.95011
2015-09-16,27216.5,6.22707
2015-09-17,26711.8,6.2183
2015-09-18,31052.9,7.22653
2015-09-19,37099.2,8.57876
2015-09-20,34665.7,8.00295
2015-09-21,36201.1,8.20337
2015-09-22,36475.3,8.40841
2015-09-23,35155.1,8.08411
2015-09-24,35576.3,8.33493
2015-09-25,38590.6,9.06253
2015-09-26,38884.9,9.10717
2015-09-27,33404.8,7.77827
2015-09-28,35740.8,8.5543
2015-09-29,33879.8,8.01669
2015-09-30,35237.3,8.32464
2015-10-01,42353.1,10.0618
2015-10-02,35593.7,8.45002
2015-10-03,38108.7,9.11138
2015-10-04,33984.5,8.11167
2015-10-05,36079.9,8.68037
2015-10-06,33506,8.25662
2015-10-07,27359.3,6.6556
2015-10-08,29169.3,7.07911
2015-10-09,30824.7,7.53112
2015-10-10,24519,6.01527
2015-10-11,24505.1,6.06563
2015-10-12,31209.7,7.66466
2015-10-13,32818.7,8.20254
2015-10-14,33975,8.58192
2015-10-15,31795.6,8.10195
2015-10-16,34084.2,8.96195
2015-10-17,33122.6,8.98298
2015-10-18,29637.2,7.79164
2015-10-19,33622.1,8.89022
2015-10-20,35864.7,9.69132
2015-10-21,34917.4,9.33436
2015-10-22,36368.7,9.97996
2015-10-23,34723,9.63408
2015-10-24,35316.2,9.9825
2015-10-25,30397.6,8.6047
2015-10-26,34056.5,9.74468
2015-10-27,36160.8,10.6457
2015-10-28,36564.4,11.1114
2015-10-29,38038.3,11.9283
2015-10-30,36223,11.8089
2015-10-31,35964.8,11.2366
2015-11-01,32993.9,10.7257
2015-11-02,34776.5,12.497
2015-11-03,32431.3,12.9954
2015-11-04,36963.1,15.1083
2015-11-05,32036,12.4143
2015-11-06,33891.2,12.7075
2015-11-07,31673.1,12.1878
2015-11-08,30784.8,11.4977
2015-11-09,31869.2,12.1117
2015-11-10,32980.9,11.1453
2015-11-11,31756.7,9.92645
2015-11-12,30525.5,10.2827
2015-11-13,32478.6,10.9548
2015-11-14,31830.4,10.6171
2015-11-15,28871.1,9.23669
2015-11-16,30831.5,10.2234
2015-11-17,31671.9,10.6345
2015-11-18,29914.7,10.0206
2015-11-19,31046.5,10.1309
2015-11-20,30522.8,9.82799
2015-11-21,29243.6,9.56775
2015-11-22,31012.5,10.0587
2015-11-23,30526.3,9.86783
2015-11-24,30804.3,9.86233
2015-11-25,32080.2,10.5538
2015-11-26,29597.4,10.4569
2015-11-27,30871.1,11.0576
2015-11-28,31205.7,11.1611
2015-11-29,32832.5,12.2092
2015-11-30,31494.4,11.8705
2015-12-01,33022.2,11.9781
2015-12-02,30761.2,11.0565
2015-12-03,32550.6,11.7608
2015-12-04,31841.8,11.5739
2015-12-05,30946.1,12.0337
2015-12-06,32153.4,12.4902
2015-12-07,32661.2,12.9294
2015-12-08,30379.8,12.7029
2015-12-09,32300.9,13.5029
2015-12-10,31245,12.9745
2015-12-11,42462.1,19.2735
2015-12-12,33125.7,14.4394
2015-12-13,34009.9,14.7446
2015-12-14,33008.6,14.6505
2015-12-15,35193.7,16.3827
2015-12-16,33926.8,15.4494
2015-12-17,35911.3,16.3751
