2011-12-18,4475,13
2011-12-19,5645,40
2011-12-20,6124,37
2011-12-21,5405,23
2011-12-22,5697,14
2011-12-23,5525,15
2011-12-24,4498,15
2011-12-25,5097,15
2011-12-26,5446,18
2011-12-27,5056,10
2011-12-28,4834,11
2011-12-29,5062,12
2011-12-30,4891,18
2011-12-31,4966,20
2012-01-01,4826,22
2012-01-02,5243,16
2012-01-03,5592,22
2012-01-04,5555,27
2012-01-05,6815,32
2012-01-06,6445,28
2012-01-07,5697,24
2012-01-08,6220,21
2012-01-09,5917,31
2012-01-10,6509,27
2012-01-11,6965,21
2012-01-12,6516,25
2012-01-13,6673,34
2012-01-14,6622,35
2012-01-15,6142,31
2012-01-16,6758,33
2012-01-17,6586,17
2012-01-18,6498,21
2012-01-19,6723,29
2012-01-20,6623,12
2012-01-21,6179,23
2012-01-22,5175,14
2012-01-23,5913,17
2012-01-24,7108,21
2012-01-25,7783,30
2012-01-26,6447,13
2012-01-27,6175,21
2012-01-28,5745,20
2012-01-29,6242,17
2012-01-30,5958,23
2012-01-31,6751,24
2012-02-01,6336,25
2012-02-02,6979,26
2012-02-03,6864,28
2012-02-04,7066,14
2012-02-05,6606,26
2012-02-06,5976,14
2012-02-07,6854,21
2012-02-08,6861,18
2012-02-09,7326,17
2012-02-10,8299,19
2012-02-11,7507,22
2012-02-12,6858,14
2012-02-13,7830,25
2012-02-14,9334,17
2012-02-15,9192,11
2012-02-16,9388,11
2012-02-17,6614,12
2012-02-18,6334,11
2012-02-19,5786,14
2012-02-20,6187,12
2012-02-21,6287,4
2012-02-22,7014,21
2012-02-23,7834,14
2012-02-24,6764,17
2012-02-25,6123,18
2012-02-26,5653,18
2012-02-27,6574,7
2012-02-28,6556,9
2012-02-29,6520,20
2012-03-01,6643,17
2012-03-02,7493,18
2012-03-03,5063,11
2012-03-04,6436,18
2012-03-05,6817,17
2012-03-06,6215,16
2012-03-07,6470,11
2012-03-08,6464,17
2012-03-09,6322,12
2012-03-10,5189,16
2012-03-11,5069,20
2012-03-12,5959,16
2012-03-13,7212,23
2012-03-14,6742,16
2012-03-15,6151,12
2012-03-16,6774,8
2012-03-17,6692,14
2012-03-18,5861,18
2012-03-19,6481,28
2012-03-20,6658,16
2012-03-21,6829,13
2012-03-22,6419,10
2012-03-23,6023,7
2012-03-24,6176,12
2012-03-25,6040,18
2012-03-26,6454,14
2012-03-27,6499,11
2012-03-28,7077,12
2012-03-29,7363,14
2012-03-30,6665,9
2012-03-31,6009,13
2012-04-01,5406,15
2012-04-02,6336,20
2012-04-03,7588,18
2012-04-04,6997,9
2012-04-05,6898,13
2012-04-06,6553,10
2012-04-07,5947,4
2012-04-08,5754,11
2012-04-09,6459,12
2012-04-10,8305,16
2012-04-11,7700,17
2012-04-12,8149,14
2012-04-13,6906,12
2012-04-14,7873,15
2012-04-15,7248,16
2012-04-16,8416,11
2012-04-17,7653,17
2012-04-18,8431,19
2012-04-19,7731,12
2012-04-20,8112,19
2012-04-21,7025,22
2012-04-22,6207,7
2012-04-23,6952,17
2012-04-24,7511,11
2012-04-25,7420,10
2012-04-26,9929,15
2012-04-27,7043,17
2012-04-28,7265,10
2012-04-29,7538,12
2012-04-30,9213,21
2012-05-01,10023,15
2012-05-02,9805,23
2012-05-03,13832,13
2012-05-04,13919,18
2012-05-05,12821,10
2012-05-06,10970,16
2012-05-07,17901,176
2012-05-08,17528,15
2012-05-09,17050,29
2012-05-10,11647,6
2012-05-11,18899,19
2012-05-12,18187,11
2012-05-13,14582,15
2012-05-14,28198,12
2012-05-15,22090,15
2012-05-16,17914,43
2012-05-17,16732,87
2012-05-18,24197,139
2012-05-19,34985,270
2012-05-20,31079,243
2012-05-21,31295,183
2012-05-22,23206,159
2012-05-23,27030,272
2012-05-24,26298,166
2012-05-25,28752,126
2012-05-26,23012,125
2012-05-27,26147,141
2012-05-28,29535,211
2012-05-29,29555,135
2012-05-30,25293,156
2012-05-31,20822,53
2012-06-01,26830,87
2012-06-02,12588,52
2012-06-03,33218,230
2012-06-04,45454,329
2012-06-05,43885,332
2012-06-06,15677,107
2012-06-07,32835,229
2012-06-08,23539,217
2012-06-09,32369,510
2012-06-10,40200,355
2012-06-11,32225,166
2012-06-12,17902,185
2012-06-13,56254,390
2012-06-14,61122,660
2012-06-15,54284,543
2012-06-16,42709,417
2012-06-17,43359,386
2012-06-18,38441,455
2012-06-19,35551,264
2012-06-20,31815,286
2012-06-21,26419,227
2012-06-22,23183,244
2012-06-23,21932,207
2012-06-24,22085,176
2012-06-25,28353,206
2012-06-26,29895,191
2012-06-27,30573,139
2012-06-28,26228,157
2012-06-29,22622,109
2012-06-30,22392,94
2012-07-01,19071,63
2012-07-02,24890,105
2012-07-03,22312,195
2012-07-04,22880,134
2012-07-05,21364,135
2012-07-06,23527,234
2012-07-07,25286,163
2012-07-08,20548,98
2012-07-09,24847,119
2012-07-10,34665,265
2012-07-11,30886,230
2012-07-12,23983,170
2012-07-13,24245,148
2012-07-14,22481,145
2012-07-15,25991,214
2012-07-16,31089,140
2012-07-17,34795,234
2012-07-18,32115,318
2012-07-19,30679,221
2012-07-20,36341,305
2012-07-21,34210,242
2012-07-22,34454,251
2012-07-23,32366,191
2012-07-24,28030,178
2012-07-25,26971,196
2012-07-26,30233,305
2012-07-27,26762,215
2012-07-28,34761,316
2012-07-29,34013,304
2012-07-30,33869,350
2012-07-31,41090,287
2012-08-01,30151,253
2012-08-02,30993,2053
2012-08-03,27400,218
2012-08-04,28594,260
2012-08-05,32836,308
2012-08-06,34946,314
2012-08-07,28790,649
2012-08-08,39726,276
2012-08-09,29541,231
2012-08-10,28053,166
2012-08-11,32768,203
2012-08-12,34264,213
2012-08-13,48003,709
2012-08-14,34071,278
2012-08-15,52334,468
2012-08-16,45962,361
2012-08-17,40154,262
2012-08-18,36775,236
2012-08-19,36535,234
2012-08-20,35320,343
2012-08-21,41921,321
2012-08-22,37404,314
2012-08-23,31450,203
2012-08-24,31959,168
2012-08-25,33046,255
2012-08-26,29129,212
2012-08-27,32700,251
2012-08-28,29483,204
2012-08-29,33838,203
2012-08-30,33487,273
2012-08-31,40243,241
2012-09-01,40282,331
2012-09-02,33154,270
2012-09-03,37789,292
2012-09-04,39485,308
2012-09-05,40729,226
2012-09-06,42320,299
2012-09-07,33080,235
2012-09-08,30682,346
2012-09-09,31089,216
2012-09-10,33247,235
2012-09-11,37826,254
2012-09-12,27794,147
2012-09-13,28697,198
2012-09-14,35702,254
2012-09-15,26964,140
2012-09-16,28094,160
2012-09-17,24139,139
2012-09-18,32438,216
2012-09-19,31912,178
2012-09-20,30942,188
2012-09-21,29945,233
2012-09-22,21689,168
2012-09-23,27618,223
2012-09-24,28849,188
2012-09-25,23951,87
2012-09-26,32136,137
2012-09-27,27979,207
2012-09-28,32398,212
2012-09-29,23691,133
2012-09-30,20408,101
2012-10-01,24435,161
2012-10-02,32565,167
2012-10-03,26351,185
2012-10-04,31617,209
2012-10-05,36674,219
2012-10-06,32354,163
2012-10-07,34342,259
2012-10-08,37798,235
2012-10-09,35037,271
2012-10-10,30878,199
2012-10-11,27389,157
2012-10-12,28327,217
2012-10-13,32688,254
2012-10-14,27094,193
2012-10-15,30625,204
2012-10-16,34029,349
2012-10-17,31372,299
2012-10-18,27951,149
2012-10-19,24813,149
2012-10-20,30234,306
2012-10-21,40330,342
2012-10-22,42682,315
2012-10-23,31710,191
2012-10-24,31719,313
2012-10-25,26696,159
2012-10-26,21752,10
2012-10-27,16124,14
2012-10-28,17787,12
2012-10-29,21329,13
2012-10-30,29359,15
2012-10-31,28820,21
2012-11-01,23490,11
2012-11-02,28830,17
2012-11-03,23739,14
2012-11-04,24136,11
2012-11-05,32002,22
2012-11-06,31828,23
2012-11-07,36290,33
2012-11-08,32250,11
2012-11-09,24991,14
2012-11-10,26947,18
2012-11-11,23395,13
2012-11-12,23757,14
2012-11-13,26979,12
2012-11-14,29744,14
2012-11-15,37455,13
2012-11-16,39279,22
2012-11-17,32378,20
2012-11-18,33975,15
2012-11-19,36611,17
2012-11-20,36827,33
2012-11-21,38888,26
2012-11-22,30744,12
2012-11-23,32170,14
2012-11-24,29551,16
2012-11-25,36584,6
2012-11-26,35726,15
2012-11-27,27465,19
2012-11-28,37060,24
2012-11-29,37246,11
2012-11-30,29621,12
2012-12-01,33315,10
2012-12-02,20445,18
2012-12-03,21493,19
2012-12-04,32226,18
2012-12-05,33611,11
2012-12-06,37003,23
2012-12-07,32003,13
2012-12-08,33019,17
2012-12-09,31921,12
2012-12-10,36063,15
2012-12-11,36623,12
2012-12-12,36589,17
2012-12-13,42371,13
2012-12-14,38894,14
2012-12-15,32228,21
2012-12-16,35355,10
2012-12-17,40893,13
2012-12-18,49660,27
2012-12-19,44608,15
2012-12-20,35801,15
2012-12-21,44443,11
2012-12-22,51094,11
2012-12-23,36598,18
2012-12-24,35964,15
2012-12-25,28602,17
2012-12-26,36418,14
2012-12-27,43617,14
2012-12-28,46923,13
2012-12-29,37953,13
2012-12-30,45270,11
2012-12-31,29891,15
2013-01-01,31715,19
2013-01-02,39268,12
2013-01-03,42131,16
2013-01-04,48421,15
2013-01-05,39443,12
2013-01-06,32867,14
2013-01-07,40111,9
2013-01-08,38476,15
2013-01-09,43052,8
2013-01-10,52378,14
2013-01-11,52626,6
2013-01-12,45543,6
2013-01-13,49300,8
2013-01-14,44394,9
2013-01-15,44888,13
2013-01-16,53487,11
2013-01-17,47978,11
2013-01-18,49001,17
2013-01-19,55994,22
2013-01-20,41228,13
2013-01-21,40290,19
2013-01-22,43586,22
2013-01-23,46535,17
2013-01-24,46043,22
2013-01-25,48360,14
2013-01-26,52204,6
2013-01-27,55248,14
2013-01-28,52013,20
2013-01-29,51526,19
2013-01-30,41052,14
2013-01-31,51427,13
2013-02-01,59219,16
2013-02-02,54302,10
2013-02-03,60962,16
2013-02-04,54826,15
2013-02-05,53236,17
2013-02-06,42384,25
2013-02-07,61057,26
2013-02-08,60748,22
2013-02-09,57523,84
2013-02-10,56221,61
2013-02-11,57410,25
2013-02-12,58366,46
2013-02-13,58897,22
2013-02-14,50735,42
2013-02-15,55443,25
2013-02-16,51221,23
2013-02-17,49403,44
2013-02-18,50198,15
2013-02-19,54337,23
2013-02-20,59538,17
2013-02-21,55726,14
2013-02-22,61990,11
2013-02-23,57701,21
2013-02-24,56997,11
2013-02-25,66919,21
2013-02-26,63258,14
2013-02-27,60739,17
2013-02-28,62840,13
2013-03-01,64364,19
2013-03-02,55668,12
2013-03-03,54291,7
2013-03-04,63843,22
2013-03-05,56706,23
2013-03-06,62569,36
2013-03-07,66565,45
2013-03-08,55316,381
2013-03-09,55350,27
2013-03-10,73644,17
2013-03-11,59100,25
2013-03-12,48318,31
2013-03-13,56511,22
2013-03-14,57860,30
2013-03-15,62583,21
2013-03-16,33990,22
2013-03-17,35104,35
2013-03-18,43267,28
2013-03-19,45905,33
2013-03-20,46031,34
2013-03-21,55298,48
2013-03-22,60305,50
2013-03-23,52665,32
2013-03-24,51113,33
2013-03-25,48824,25
2013-03-26,48891,19
2013-03-27,53048,28
2013-03-28,60770,36
2013-03-29,61934,151
2013-03-30,58821,202
2013-03-31,43792,25
2013-04-01,52544,28
2013-04-02,63040,55
2013-04-03,63687,79
2013-04-04,66693,45
2013-04-05,61175,40
2013-04-06,51434,121
2013-04-07,63212,165
2013-04-08,61430,95
2013-04-09,66706,97
2013-04-10,63573,117
2013-04-11,68130,117
2013-04-12,58424,93
2013-04-13,53265,85
2013-04-14,55220,98
2013-04-15,54253,79
2013-04-16,67533,75
2013-04-17,56465,70
2013-04-18,46428,56
2013-04-19,59327,64
2013-04-20,48096,52
2013-04-21,43986,62
2013-04-22,46983,58
2013-04-23,61431,69
2013-04-24,64779,82
2013-04-25,62314,80
2013-04-26,55026,67
2013-04-27,43871,351
2013-04-28,39706,1996
2013-04-29,51533,69
2013-04-30,47342,108
2013-05-01,55110,66
2013-05-02,55207,88
2013-05-03,50958,86
2013-05-04,50283,50
2013-05-05,50039,128
2013-05-06,52819,355
2013-05-07,56486,81
2013-05-08,50187,87
2013-05-09,66524,86
2013-05-10,67626,83
2013-05-11,73178,42
2013-05-12,65140,120
2013-05-13,60658,166
2013-05-14,65970,346
2013-05-15,63394,636
2013-05-16,60798,212
2013-05-17,58345,225
2013-05-18,51925,141
2013-05-19,47417,247
2013-05-20,48502,190
2013-05-21,53691,100
2013-05-22,51668,166
2013-05-23,59497,118
2013-05-24,55119,113
2013-05-25,51046,69
2013-05-26,40274,285
2013-05-27,52463,119
2013-05-28,56848,64
2013-05-29,54802,90
2013-05-30,57097,150
2013-05-31,54071,100
2013-06-01,54004,94
2013-06-02,49682,66
2013-06-03,55549,112
2013-06-04,57339,70
2013-06-05,56274,102
2013-06-06,54333,124
2013-06-07,51914,113
2013-06-08,47946,91
2013-06-09,44231,81
2013-06-10,44734,92
2013-06-11,49393,90
2013-06-12,45594,110
2013-06-13,42902,105
2013-06-14,49882,110
2013-06-15,35586,67
2013-06-16,42665,116
2013-06-17,45688,110
2013-06-18,45770,107
2013-06-19,46751,144
2013-06-20,52222,139
2013-06-21,46736,123
2013-06-22,44326,92
2013-06-23,38243,99
2013-06-24,43977,118
2013-06-25,44362,110
2013-06-26,45333,120
2013-06-27,45859,102
2013-06-28,49274,109
2013-06-29,36276,100
2013-06-30,30699,101
2013-07-01,38855,116
2013-07-02,39400,97
2013-07-03,35250,97
2013-07-04,35022,105
2013-07-05,36757,94
2013-07-06,33093,92
2013-07-07,30086,84
2013-07-08,39332,105
2013-07-09,40532,115
2013-07-10,38923,120
2013-07-11,43160,100
2013-07-12,48003,103
2013-07-13,37728,85
2013-07-14,34649,112
2013-07-15,36475,115
2013-07-16,39142,86
2013-07-17,40363,96
2013-07-18,40895,114
2013-07-19,36490,98
2013-07-20,33413,103
2013-07-21,35142,115
2013-07-22,39715,99
2013-07-23,37968,323
2013-07-24,42081,121
2013-07-25,42274,110
2013-07-26,36357,103
2013-07-27,37355,105
2013-07-28,37048,86
2013-07-29,41483,151
2013-07-30,41844,92
2013-07-31,49110,224
2013-08-01,50162,565
2013-08-02,51242,247
2013-08-03,45420,156
2013-08-04,42391,376
2013-08-05,50408,404
2013-08-06,53627,552
2013-08-07,56980,440
2013-08-08,57371,446
2013-08-09,49035,428
2013-08-10,51038,447
2013-08-11,37820,386
2013-08-12,48152,1860
2013-08-13,52618,279
2013-08-14,51286,206
2013-08-15,57726,233
2013-08-16,70443,508
2013-08-17,55773,583
2013-08-18,55431,772
2013-08-19,70653,484
2013-08-20,62403,635
2013-08-21,59536,799
2013-08-22,66166,430
2013-08-23,54848,151
2013-08-24,51440,194
2013-08-25,44129,167
2013-08-26,55709,218
2013-08-27,61798,220
2013-08-28,64161,408
2013-08-29,57973,830
2013-08-30,61612,786
2013-08-31,46896,386
2013-09-01,45291,1086
2013-09-02,49711,1340
2013-09-03,50498,1471
2013-09-04,51514,1302
2013-09-05,58167,2384
2013-09-06,58767,1898
2013-09-07,50175,1647
2013-09-08,45334,961
2013-09-09,56234,1239
2013-09-10,51794,1298
2013-09-11,48378,632
2013-09-12,51392,695
2013-09-13,43155,1475
2013-09-14,37652,5690
2013-09-15,42226,11265
2013-09-16,45176,6555
2013-09-17,55919,11833
2013-09-18,52800,7586
2013-09-19,52485,7140
2013-09-20,51776,7018
2013-09-21,45755,6554
2013-09-22,44069,6631
2013-09-23,58089,7029
2013-09-24,56590,5790
2013-09-25,48366,5976
2013-09-26,51084,6299
2013-09-27,46553,189
2013-09-28,41860,543
2013-09-29,39122,1889
2013-09-30,45784,1209
2013-10-01,52761,4223
2013-10-02,57628,4145
2013-10-03,55330,4022
2013-10-04,48743,3017
2013-10-05,42867,2393
2013-10-06,40994,1678
2013-10-07,42999,1392
2013-10-08,39816,3023
2013-10-09,49488,3137
2013-10-10,53508,3153
2013-10-11,48725,3012
2013-10-12,46389,2871
2013-10-13,48639,2444
2013-10-14,53545,3657
2013-10-15,52795,2771
2013-10-16,48850,1766
2013-10-17,45017,1686
2013-10-18,53102,6367
2013-10-19,51099,3989
2013-10-20,46261,2958
2013-10-21,56131,4109
2013-10-22,61002,3801
2013-10-23,53017,2076
2013-10-24,58303,5116
2013-10-25,52350,4886
2013-10-26,42800,4765
2013-10-27,40366,3146
2013-10-28,46867,4062
2013-10-29,46081,3689
2013-10-30,46979,1272
2013-10-31,52900,5070
2013-11-01,43188,1975
2013-11-02,38375,604
2013-11-03,35265,490
2013-11-04,44817,511
2013-11-05,50948,475
2013-11-06,54311,534
2013-11-07,59895,496
2013-11-08,58620,469
2013-11-09,54645,411
2013-11-10,56936,431
2013-11-11,52425,4793
2013-11-12,53288,4818
2013-11-13,60126,4576
2013-11-14,64369,4861
2013-11-15,56758,3990
2013-11-16,45638,1343
2013-11-17,49158,1979
2013-11-18,77077,1799
2013-11-19,91107,1639
2013-11-20,75380,2014
2013-11-21,69431,2241
2013-11-22,72345,4430
2013-11-23,68008,4367
2013-11-24,55986,4707
2013-11-25,67090,4530
2013-11-26,79380,3844
2013-11-27,91642,3716
2013-11-28,95473,3267
2013-11-29,87003,2908
2013-11-30,71490,2229
2013-12-01,71241,2001
2013-12-02,74312,1099
2013-12-03,76598,869
2013-12-04,78613,840
2013-12-05,82099,1014
2013-12-06,70896,995
2013-12-07,66435,1082
2013-12-08,46484,798
2013-12-09,62532,917
2013-12-10,66438,993
2013-12-11,66083,1057
2013-12-12,57082,974
2013-12-13,59179,707
2013-12-14,53307,607
2013-12-15,51606,525
2013-12-16,68190,991
2013-12-17,66573,964
2013-12-18,80066,1245
2013-12-19,68934,1118
2013-12-20,63940,965
2013-12-21,55089,833
2013-12-22,51879,849
2013-12-23,53324,772
2013-12-24,54991,705
2013-12-25,54611,655
2013-12-26,50275,821
2013-12-27,51760,730
2013-12-28,47100,759
2013-12-29,50208,949
2013-12-30,54651,789
2013-12-31,47842,821
2014-01-01,42035,830
2014-01-02,53893,743
2014-01-03,59899,920
2014-01-04,51074,837
2014-01-05,57559,910
2014-01-06,66200,972
2014-01-07,61897,837
2014-01-08,60408,838
2014-01-09,57982,842
2014-01-10,53245,734
2014-01-11,54837,809
2014-01-12,49707,623
2014-01-13,52579,713
2014-01-14,56533,683
2014-01-15,60754,674
2014-01-16,55764,754
2014-01-17,58160,714
2014-01-18,50721,678
2014-01-19,47133,703
2014-01-20,62015,793
2014-01-21,71582,829
2014-01-22,64767,876
2014-01-23,62645,754
2014-01-24,64613,798
2014-01-25,52991,708
2014-01-26,52703,727
2014-01-27,63351,849
2014-01-28,64726,882
2014-01-29,58773,757
2014-01-30,59936,687
2014-01-31,59413,672
2014-02-01,53889,760
2014-02-02,51618,679
2014-02-03,56610,809
2014-02-04,68777,850
2014-02-05,66545,816
2014-02-06,69192,786
2014-02-07,69510,849
2014-02-08,63955,872
2014-02-09,55627,814
2014-02-10,65721,973
2014-02-11,66079,986
2014-02-12,60932,1016
2014-02-13,66042,1119
2014-02-14,73596,1102
2014-02-15,60857,852
2014-02-16,56600,736
2014-02-17,59834,864
2014-02-18,64336,909
2014-02-19,69070,872
2014-02-20,69766,1201
2014-02-21,68328,910
2014-02-22,57421,949
2014-02-23,59191,838
2014-02-24,72691,914
2014-02-25,78956,965
2014-02-26,70716,999
2014-02-27,70995,953
2014-02-28,69086,1023
2014-03-01,62330,928
2014-03-02,55553,942
2014-03-03,79365,1751
2014-03-04,82636,1815
2014-03-05,70812,1424
2014-03-06,69007,1347
2014-03-07,70661,1518
2014-03-08,63282,1140
2014-03-09,60855,1127
2014-03-10,69293,1442
2014-03-11,74301,1735
2014-03-12,74438,1719
2014-03-13,70758,1885
2014-03-14,68475,2007
2014-03-15,58683,1460
2014-03-16,57533,1628
2014-03-17,64632,1603
2014-03-18,52433,1563
2014-03-19,72253,1391
2014-03-20,69412,1413
2014-03-21,71543,1362
2014-03-22,65087,1416
2014-03-23,56172,1425
2014-03-24,69111,1684
2014-03-25,70150,1576
2014-03-26,66646,1510
2014-03-27,69765,1781
2014-03-28,65117,1788
2014-03-29,51806,1270
2014-03-30,54972,1355
2014-03-31,63784,1483
2014-04-01,62186,1779
2014-04-02,64981,1685
2014-04-03,65265,1605
2014-04-04,64250,1247
2014-04-05,54422,1202
2014-04-06,48462,1397
2014-04-07,64102,1557
2014-04-08,66052,1655
2014-04-09,63347,1645
2014-04-10,66081,1791
2014-04-11,63796,1767
2014-04-12,46350,1229
2014-04-13,49423,1558
2014-04-14,68126,1900
2014-04-15,70895,1732
2014-04-16,66653,1782
2014-04-17,63358,1663
2014-04-18,55314,1522
2014-04-19,51709,1647
2014-04-20,47328,1537
2014-04-21,56863,1076
2014-04-22,76572,1316
2014-04-23,72605,1184
2014-04-24,71016,1527
2014-04-25,70998,1470
2014-04-26,50786,1226
2014-04-27,51255,1197
2014-04-28,62862,1532
2014-04-29,63468,1400
2014-04-30,62338,1181
2014-05-01,58226,1256
2014-05-02,58704,1116
2014-05-03,52756,1259
2014-05-04,50398,1220
2014-05-05,66146,1492
2014-05-06,75206,1828
2014-05-07,67844,1822
2014-05-08,67178,1592
2014-05-09,64686,1437
2014-05-10,54832,1405
2014-05-11,51088,1350
2014-05-12,72517,1737
2014-05-13,67538,1657
2014-05-14,67985,1673
2014-05-15,72965,1757
2014-05-16,63839,1413
2014-05-17,52175,1163
2014-05-18,48570,1170
2014-05-19,62400,1526
2014-05-20,69577,1766
2014-05-21,67229,1501
2014-05-22,71473,1698
2014-05-23,70848,1797
2014-05-24,51389,1329
2014-05-25,55937,1468
2014-05-26,65060,1789
2014-05-27,66524,1864
2014-05-28,70558,1611
2014-05-29,63814,1407
2014-05-30,63242,1718
2014-05-31,50708,1317
2014-06-01,53512,1535
2014-06-02,62670,1571
2014-06-03,67673,1805
2014-06-04,63045,1867
2014-06-05,65333,1460
2014-06-06,60845,1358
2014-06-07,49809,1246
2014-06-08,46885,1287
2014-06-09,58259,1460
2014-06-10,61488,1661
2014-06-11,61141,1540
2014-06-12,62854,1718
2014-06-13,63191,1385
2014-06-14,52184,1234
2014-06-15,52711,1015
2014-06-16,66727,1347
2014-06-17,68358,1535
2014-06-18,62472,1258
2014-06-19,60917,1370
2014-06-20,56006,1189
2014-06-21,49810,1177
2014-06-22,48680,1244
2014-06-23,58737,1303
2014-06-24,63391,1304
2014-06-25,62712,1498
2014-06-26,59743,1518
2014-06-27,61125,1644
2014-06-28,52829,1381
2014-06-29,47621,1316
2014-06-30,66759,3340
2014-07-01,67451,1859
2014-07-02,64869,1722
2014-07-03,60928,1782
2014-07-04,57067,2261
2014-07-05,48065,1737
2014-07-06,50573,1424
2014-07-07,63026,1510
2014-07-08,68411,1556
2014-07-09,66672,1680
2014-07-10,62907,1549
2014-07-11,57421,1500
2014-07-12,51360,1937
2014-07-13,50706,1551
2014-07-14,61360,1266
2014-07-15,70636,1521
2014-07-16,63902,1525
2014-07-17,64291,1770
2014-07-18,62299,1591
2014-07-19,56978,2398
2014-07-20,49882,1964
2014-07-21,62255,1780
2014-07-22,64852,1864
2014-07-23,65094,1643
2014-07-24,64685,1448
2014-07-25,60048,1287
2014-07-26,54509,1690
2014-07-27,49806,2032
2014-07-28,63145,1449
2014-07-29,60008,1450
2014-07-30,64661,1320
2014-07-31,68302,1305
2014-08-01,66521,1237
2014-08-02,52902,1924
2014-08-03,52205,1262
2014-08-04,66395,1324
2014-08-05,71080,1608
2014-08-06,78464,1774
2014-08-07,68068,1685
2014-08-08,66537,1568
2014-08-09,58455,1996
2014-08-10,56581,1155
2014-08-11,72596,2797
2014-08-12,74180,2628
2014-08-13,74036,1557
2014-08-14,77307,1595
2014-08-15,71599,1429
2014-08-16,65996,1820
2014-08-17,57700,2353
2014-08-18,70636,1924
2014-08-19,72284,2270
2014-08-20,71337,2336
2014-08-21,71170,1829
2014-08-22,65091,1750
2014-08-23,54855,2576
2014-08-24,55212,1337
2014-08-25,67961,1796
2014-08-26,70540,1947
2014-08-27,72522,1890
2014-08-28,66437,2018
2014-08-29,66478,1966
2014-08-30,58025,3007
2014-08-31,55586,1981
2014-09-01,68147,2100
2014-09-02,69641,2121
2014-09-03,69529,2170
2014-09-04,68478,2174
2014-09-05,65869,2024
2014-09-06,61309,1881
2014-09-07,58184,2013
2014-09-08,72104,3518
2014-09-09,78826,2840
2014-09-10,69609,2792
2014-09-11,63708,2148
2014-09-12,65850,2380
2014-09-13,57120,3945
2014-09-14,64951,2546
2014-09-15,75855,2653
2014-09-16,83864,3199
2014-09-17,75076,5043
2014-09-18,73850,3335
2014-09-19,66419,2847
2014-09-20,59235,4071
2014-09-21,56703,2933
2014-09-22,70132,2989
2014-09-23,74128,3005
2014-09-24,72215,2603
2014-09-25,75526,2825
2014-09-26,69749,2672
2014-09-27,59364,3476
2014-09-28,59907,2567
2014-09-29,75029,2758
2014-09-30,74688,3165
2014-10-01,75967,2657
2014-10-02,68625,3297
2014-10-03,72485,2489
2014-10-04,63827,2651
2014-10-05,63347,3814
2014-10-06,74612,3276
2014-10-07,76045,2890
2014-10-08,75751,2923
2014-10-09,79786,2855
2014-10-10,77663,3240
2014-10-11,60962,3914
2014-10-12,60935,2426
2014-10-13,74953,2834
2014-10-14,78005,3227
2014-10-15,73350,2756
2014-10-16,72941,2648
2014-10-17,68465,2232
2014-10-18,62684,3629
2014-10-19,60751,2371
2014-10-20,79688,2875
2014-10-21,78506,2992
2014-10-22,77187,2641
2014-10-23,77702,2785
2014-10-24,74212,3535
2014-10-25,67553,4807
2014-10-26,65216,5421
2014-10-27,80277,3541
2014-10-28,84469,3373
2014-10-29,90792,2720
2014-10-30,89541,2911
2014-10-31,82799,2716
2014-11-01,66777,2655
2014-11-02,73526,3489
2014-11-03,85823,4359
2014-11-04,84930,2525
2014-11-05,86441,2881
2014-11-06,90636,2598
2014-11-07,82317,2398
2014-11-08,69766,2798
2014-11-09,68911,3151
2014-11-10,86138,2709
2014-11-11,82776,2713
2014-11-12,92284,3148
2014-11-13,89425,3388
2014-11-14,83347,2806
2014-11-15,70464,2638
2014-11-16,72375,3484
2014-11-17,85720,2490
2014-11-18,84769,2601
2014-11-19,82354,2776
2014-11-20,86685,2565
2014-11-21,79206,2846
2014-11-22,71928,2643
2014-11-23,72771,4370
2014-11-24,82189,3471
2014-11-25,82953,3049
2014-11-26,82110,2864
2014-11-27,81493,3048
2014-11-28,82723,3041
2014-11-29,76176,2765
2014-11-30,81859,2994
2014-12-01,92577,4916
2014-12-02,95859,3410
2014-12-03,93193,6039
2014-12-04,94952,3250
2014-12-05,87420,3324
2014-12-06,77369,3724
2014-12-07,70552,4114
2014-12-08,86106,4477
2014-12-09,85938,4140
2014-12-10,85146,3509
2014-12-11,80318,3539
2014-12-12,77906,3250
2014-12-13,72710,3351
2014-12-14,74965,4597
2014-12-15,90406,3912
2014-12-16,96667,4254
2014-12-17,93924,4392
2014-12-18,91226,3852
2014-12-19,91639,3629
2014-12-20,83490,3277
2014-12-21,74163,4668
2014-12-22,92362,3985
2014-12-23,95830,3489
2014-12-24,79184,3010
2014-12-25,65443,2317
2014-12-26,72957,3089
2014-12-27,73635,3027
2014-12-28,71501,4045
2014-12-29,79770,3513
2014-12-30,81384,3510
2014-12-31,73486,3773
2015-01-01,56290,2889
2015-01-02,75472,3650
2015-01-03,75273,6792
2015-01-04,80051,5471
2015-01-05,90996,4433
2015-01-06,83510,4153
2015-01-07,85849,3927
2015-01-08,102933,4052
2015-01-09,98343,3792
2015-01-10,100920,3807
2015-01-11,86082,4393
2015-01-12,95072,3755
2015-01-13,97295,4887
2015-01-14,100446,4174
2015-01-15,116480,3759
2015-01-16,100902,3658
2015-01-17,87091,3270
2015-01-18,78796,4237
2015-01-19,94422,3919
2015-01-20,93906,4901
2015-01-21,91521,5289
2015-01-22,88818,4745
2015-01-23,87484,4403
2015-01-24,79233,4198
2015-01-25,80934,5499
2015-01-26,102073,5981
2015-01-27,93564,5680
2015-01-28,80233,4835
2015-01-29,85167,5548
2015-01-30,76390,4671
2015-01-31,80864,5282
2015-02-01,72951,5888
2015-02-02,80924,4904
2015-02-03,86002,5664
2015-02-04,85391,5264
2015-02-05,82013,4395
2015-02-06,81396,4132
2015-02-07,81478,4062
2015-02-08,77718,4829
2015-02-09,99176,5421
2015-02-10,97587,5244
2015-02-11,91860,5030
2015-02-12,82935,4373
2015-02-13,108519,4995
2015-02-14,93922,4691
2015-02-15,79737,5390
2015-02-16,99717,4758
2015-02-17,97550,5289
2015-02-18,100796,4756
2015-02-19,89761,4625
2015-02-20,93311,5245
2015-02-21,82783,4902
2015-02-22,79048,5743
2015-02-23,95364,6009
2015-02-24,97974,7022
2015-02-25,98571,6664
2015-02-26,94520,6147
2015-02-27,95040,6282
2015-02-28,83193,6297
2015-03-01,80788,7800
2015-03-02,97691,7088
2015-03-03,103025,7798
2015-03-04,90828,7561
2015-03-05,93266,7717
2015-03-06,86290,7431
2015-03-07,83576,7789
2015-03-08,80853,6518
2015-03-09,97211,8181
2015-03-10,96578,8811
2015-03-11,92640,7971
2015-03-12,88451,8513
2015-03-13,87724,8166
2015-03-14,81226,8154
2015-03-15,78131,6660
2015-03-16,97669,7410
2015-03-17,92136,7297
2015-03-18,91813,7641
2015-03-19,98473,7687
2015-03-20,95888,7508
2015-03-21,85450,7235
2015-03-22,81616,8828
2015-03-23,97369,8505
2015-03-24,85543,7211
2015-03-25,89211,7765
2015-03-26,93655,7378
2015-03-27,91894,7426
2015-03-28,80108,7118
2015-03-29,83541,6822
2015-03-30,97861,8352
2015-03-31,106443,8518
2015-04-01,110108,9103
2015-04-02,102870,9034
2015-04-03,96728,7672
2015-04-04,82660,6838
2015-04-05,86244,8631
2015-04-06,99179,8144
2015-04-07,99872,8690
2015-04-08,99858,10768
2015-04-09,103461,13026
2015-04-10,97329,15345
2015-04-11,83336,15953
2015-04-12,74635,12236
2015-04-13,106771,8480
2015-04-14,102008,7993
2015-04-15,99664,7820
2015-04-16,91099,7809
2015-04-17,94920,7709
2015-04-18,89540,8023
2015-04-19,82847,8142
2015-04-20,107980,8612
2015-04-21,103255,9094
2015-04-22,102722,9004
2015-04-23,100563,9145
2015-04-24,97000,11652
2015-04-25,87036,11266
2015-04-26,83670,9185
2015-04-27,102912,10726
2015-04-28,101825,11215
2015-04-29,105287,11846
2015-04-30,100747,12077
2015-05-01,89024,10388
2015-05-02,83988,10967
2015-05-03,75455,9006
2015-05-04,93515,10357
2015-05-05,103681,11513
2015-05-06,99048,12524
2015-05-07,99051,11933
2015-05-08,95540,13455
2015-05-09,83539,11048
2015-05-10,78173,11107
2015-05-11,98909,12307
2015-05-12,97142,12809
2015-05-13,96427,12269
2015-05-14,90717,10713
2015-05-15,94146,10867
2015-05-16,79134,11420
2015-05-17,77396,9595
2015-05-18,87002,11432
2015-05-19,96077,11139
2015-05-20,95820,10923
2015-05-21,88173,9974
2015-05-22,91705,10927
2015-05-23,75973,10194
2015-05-24,82010,11888
2015-05-25,94789,11156
2015-05-26,96863,11377
2015-05-27,96286,11665
2015-05-28,99318,11530
2015-05-29,110352,13546
2015-05-30,113762,13903
2015-05-31,89227,9409
2015-06-01,116645,11919
2015-06-02,116063,11994
2015-06-03,114217,13241
2015-06-04,104348,13857
2015-06-05,100228,9835
2015-06-06,83938,8580
2015-06-07,73367,10111
2015-06-08,97355,10661
2015-06-09,111095,10392
2015-06-10,119790,11320
2015-06-11,110033,10456
2015-06-12,116766,10037
2015-06-13,96224,9460
2015-06-14,92985,9903
2015-06-15,118525,10720
2015-06-16,109834,11589
2015-06-17,119636,13328
2015-06-18,111978,12795
2015-06-19,109640,15435
2015-06-20,93093,8785
2015-06-21,86363,10167
2015-06-22,97085,22107
2015-06-23,114419,11001
2015-06-24,102229,10708
2015-06-25,101147,10169
2015-06-26,106212,10066
2015-06-27,95759,10116
2015-06-28,90356,8648
2015-06-29,113196,10844
2015-06-30,127265,28459
2015-07-01,132002,11975
2015-07-02,131312,10687
2015-07-03,119244,10314
2015-07-04,92635,11795
2015-07-05,105240,9702
2015-07-06,144164,29725
2015-07-07,147658,42955
2015-07-08,164686,36900
2015-07-09,157984,33046
2015-07-10,157987,34879
2015-07-11,148627,37425
2015-07-12,185150,23400
2015-07-13,132925,26622
2015-07-14,105581,16893
2015-07-15,98236,17181
2015-07-16,97130,17123
2015-07-17,101095,15664
2015-07-18,114153,16393
2015-07-19,107289,13446
2015-07-20,104801,20301
2015-07-21,115964,17694
2015-07-22,114350,16755
2015-07-23,93021,16459
2015-07-24,93303,16446
2015-07-25,85617,14773
2015-07-26,76312,16320
2015-07-27,93563,21514
2015-07-28,95976,22238
2015-07-29,98065,44983
2015-07-30,86396,37047
2015-07-31,100772,46580
2015-08-01,104101,43225
2015-08-02,84214,19235
2015-08-03,98616,21071
2015-08-04,91174,41237
2015-08-05,90209,43416
2015-08-06,89991,44704
2015-08-07,87471,23737
2015-08-08,82697,18654
2015-08-09,74320,16072
2015-08-10,94856,21818
2015-08-11,93402,21177
2015-08-12,97115,20657
2015-08-13,96821,20539
2015-08-14,90607,20506
2015-08-15,76413,18394
2015-08-16,72928,16432
2015-08-17,94183,20719
2015-08-18,98111,21546
2015-08-19,98803,21192
2015-08-20,97824,20256
2015-08-21,93927,19700
2015-08-22,86451,19056
2015-08-23,78795,15600
2015-08-24,103749,21464
2015-08-25,100909,20929
2015-08-26,99720,22971
2015-08-27,98765,21016
2015-08-28,98564,21827
2015-08-29,85602,21727
2015-08-30,80951,17238
2015-08-31,107208,19895
2015-09-01,109489,20767
2015-09-02,92660,57246
2015-09-03,103786,24750
2015-09-04,84287,19530
2015-09-05,101577,22494
2015-09-06,87841,18308
2015-09-07,105187,20128
2015-09-08,104119,21124
2015-09-09,104884,21424
2015-09-10,102728,22052
2015-09-11,158606,21238
2015-09-12,117638,19967
2015-09-13,121658,24239
2015-09-14,134038,32525
2015-09-15,131752,31087
2015-09-16,138660,28467
2015-09-17,232380,26755
2015-09-18,137990,23367
2015-09-19,93259,21467
2015-09-20,90937,18093
2015-09-21,108232,23315
2015-09-22,110893,25734
2015-09-23,107580,23662
2015-09-24,103022,22205
2015-09-25,106597,21405
2015-09-26,94622,20853
2015-09-27,89446,19154
2015-09-28,115056,23371
2015-09-29,115941,24549
2015-09-30,115287,24413
2015-10-01,110245,23933
2015-10-02,114770,24838
2015-10-03,95511,23911
2015-10-04,81333,22045
2015-10-05,99182,26213
2015-10-06,116147,28221
2015-10-07,107740,27058
2015-10-08,111344,28864
2015-10-09,88576,25942
2015-10-10,98400,28445
2015-10-11,80998,23406
2015-10-12,105706,28562
2015-10-13,104722,30019
2015-10-14,111882,29951
2015-10-15,124028,29301
2015-10-16,115462,27680
2015-10-17,106240,29535
2015-10-18,95695,23866
2015-10-19,116694,27110
2015-10-20,118031,28190
2015-10-21,121053,29002
2015-10-22,119178,28076
2015-10-23,114757,28562
2015-10-24,112520,27463
2015-10-25,106427,24906
2015-10-26,87294,28942
2015-10-27,122160,31433
2015-10-28,128702,31334
2015-10-29,129531,31380
2015-10-30,131799,34725
2015-10-31,119787,35466
2015-11-01,122427,29908
2015-11-02,135953,36002
2015-11-03,148148,38059
2015-11-04,164509,39534
2015-11-05,144487,38176
2015-11-06,133272,33476
2015-11-07,119785,31560
2015-11-08,108566,23845
2015-11-09,127500,32187
2015-11-10,130093,31723
2015-11-11,127635,31126
2015-11-12,126556,31130
2015-11-13,125597,29070
2015-11-14,121627,28705
2015-11-15,115180,28029
2015-11-16,128244,29899
2015-11-17,126593,29946
2015-11-18,135233,29883
2015-11-19,123925,30422
2015-11-20,124657,30950
2015-11-21,120113,30748
2015-11-22,102589,26898
2015-11-23,114988,30121
2015-11-24,119645,32523
2015-11-25,119919,31794
2015-11-26,128716,35779
2015-11-27,128236,31866
2015-11-28,133317,32205
2015-11-29,102153,27548
2015-11-30,146390,36096
2015-12-01,143232,34713
2015-12-02,148618,34744
2015-12-03,130640,33992
2015-12-04,139079,34354
2015-12-05,152263,33756
2015-12-06,148487,31066
2015-12-07,157045,35638
2015-12-08,159062,35984
2015-12-09,181926,38229
2015-12-10,175758,36062
2015-12-11,173780,36319
2015-12-12,167083,36896
2015-12-13,158929,30843
2015-12-14,192378,38904
2015-12-15,185777,38038
2015-12-16,183640,36617
2015-12-17,181048,35094
