2011-12-18,1279,859,1158,1192
2011-12-19,1622,869,1397,1797
2011-12-20,1611,894,1495,2161
2011-12-21,1447,824,1333,1824
2011-12-22,1475,838,1614,1784
2011-12-23,1852,827,1246,1615
2011-12-24,1545,668,1132,1168
2011-12-25,1930,670,1172,1340
2011-12-26,2122,668,1253,1421
2011-12-27,1915,617,1183,1351
2011-12-28,1206,742,1273,1624
2011-12-29,1338,829,1261,1646
2011-12-30,1162,810,1303,1634
2011-12-31,1211,712,1285,1778
2012-01-01,1132,699,1144,1873
2012-01-02,1436,768,1147,1908
2012-01-03,1431,819,1446,1918
2012-01-04,1303,767,1151,2361
2012-01-05,1633,974,1360,2880
2012-01-06,1409,792,1253,3019
2012-01-07,1449,740,1156,2376
2012-01-08,1724,805,1345,2367
2012-01-09,1551,889,1202,2306
2012-01-10,1891,921,1393,2331
2012-01-11,1822,884,1549,2731
2012-01-12,1839,836,1410,2456
2012-01-13,1868,945,1440,2454
2012-01-14,1903,899,1446,2409
2012-01-15,1749,921,1378,2125
2012-01-16,1899,1069,1415,2408
2012-01-17,1848,913,1361,2481
2012-01-18,1658,871,1432,2558
2012-01-19,1618,1023,1549,2562
2012-01-20,1637,1008,1435,2555
2012-01-21,1531,812,1325,2534
2012-01-22,1365,725,1133,1966
2012-01-23,1507,919,1241,2263
2012-01-24,2022,1165,1373,2569
2012-01-25,2253,1229,1605,2726
2012-01-26,1916,877,1307,2360
2012-01-27,1774,904,1331,2187
2012-01-28,1619,831,1252,2063
2012-01-29,1864,967,1280,2148
2012-01-30,1626,863,1218,2274
2012-01-31,1734,1266,1289,2486
2012-02-01,1665,1009,1227,2460
2012-02-02,1965,1084,1330,2626
2012-02-03,1920,939,1278,2755
2012-02-04,2070,1187,1238,2585
2012-02-05,1854,1002,1275,2501
2012-02-06,1666,788,1110,2426
2012-02-07,1799,1152,1337,2587
2012-02-08,1673,1356,1219,2631
2012-02-09,1943,1465,1288,2647
2012-02-10,2184,2137,1313,2684
2012-02-11,2008,1805,1167,2549
2012-02-12,1864,1378,1163,2467
2012-02-13,2161,1612,1191,2891
2012-02-14,2300,2620,1681,2750
2012-02-15,2392,2811,1641,2359
2012-02-16,2448,2896,1561,2494
2012-02-17,1833,1036,1612,2145
2012-02-18,1770,1042,1493,2040
2012-02-19,1753,962,1362,1723
2012-02-20,1812,998,1433,1956
2012-02-21,1766,1105,1463,1957
2012-02-22,1936,1036,1708,2355
2012-02-23,2209,1350,1553,2736
2012-02-24,1893,1010,1218,2660
2012-02-25,1734,974,1427,2006
2012-02-26,1664,899,1285,1823
2012-02-27,1886,1134,1341,2220
2012-02-28,1796,1134,1387,2248
2012-02-29,1945,989,1348,2258
2012-03-01,1874,1007,1419,2360
2012-03-02,2094,1201,1839,2377
2012-03-03,1486,906,1144,1538
2012-03-04,1696,1071,1481,2206
2012-03-05,1961,1006,1614,2253
2012-03-06,1895,827,1308,2201
2012-03-07,2075,883,1375,2148
2012-03-08,2060,797,1386,2238
2012-03-09,1922,764,1474,2174
2012-03-10,1562,666,1209,1768
2012-03-11,1677,744,1104,1564
2012-03-12,1749,852,1285,2089
2012-03-13,2209,948,1397,2681
2012-03-14,1970,896,1319,2573
2012-03-15,1916,959,1161,2127
2012-03-16,2010,1004,1294,2474
2012-03-17,1969,1518,1198,2021
2012-03-18,2057,816,1150,1856
2012-03-19,2082,983,1381,2063
2012-03-20,1812,1175,1432,2255
2012-03-21,1905,1188,1464,2285
2012-03-22,1964,866,1432,2167
2012-03-23,1901,914,1289,1926
2012-03-24,1711,973,1667,1837
2012-03-25,1750,1021,1517,1770
2012-03-26,1974,1004,1428,2062
2012-03-27,2070,976,1251,2213
2012-03-28,2282,913,1605,2289
2012-03-29,2360,923,1595,2499
2012-03-30,1744,896,1597,2437
2012-03-31,1827,788,1370,2037
2012-04-01,1594,739,1360,1728
2012-04-02,1882,943,1344,2187
2012-04-03,2657,925,1377,2647
2012-04-04,2357,883,1438,2328
2012-04-05,2194,983,1582,2152
2012-04-06,2154,845,1350,2214
2012-04-07,1984,947,1203,1817
2012-04-08,2017,909,1286,1553
2012-04-09,2083,991,1327,2070
2012-04-10,3391,1020,1472,2438
2012-04-11,2701,1060,1473,2483
2012-04-12,2995,1082,1546,2540
2012-04-13,2028,1101,1416,2373
2012-04-14,2978,1330,1447,2133
2012-04-15,2901,1273,1283,1807
2012-04-16,2749,1274,1688,2716
2012-04-17,2459,942,1615,2654
2012-04-18,2713,1083,1633,3021
2012-04-19,1972,1097,1506,3168
2012-04-20,2060,972,1774,3325
2012-04-21,2156,991,1357,2543
2012-04-22,1970,873,1265,2106
2012-04-23,2429,991,1449,2100
2012-04-24,2197,1042,1514,2769
2012-04-25,2591,1027,1265,2547
2012-04-26,4741,1022,1357,2824
2012-04-27,2311,948,1384,2417
2012-04-28,2511,1072,1677,2015
2012-04-29,3012,1280,1423,1835
2012-04-30,3309,1554,1931,2440
2012-05-01,4368,1284,1536,2850
2012-05-02,3750,1352,1663,3063
2012-05-03,6954,2056,1810,3025
2012-05-04,6614,2201,2084,3038
2012-05-05,5474,1929,2733,2695
2012-05-06,4855,1699,2059,2373
2012-05-07,8820,2658,3155,3444
2012-05-08,7813,2569,3466,3695
2012-05-09,7443,2520,3122,3994
2012-05-10,4845,1879,2266,2663
2012-05-11,11329,2287,2196,3106
2012-05-12,10354,2515,2786,2543
2012-05-13,7878,2235,2273,2211
2012-05-14,18330,3157,2696,4027
2012-05-15,13292,2743,2637,3433
2012-05-16,10568,2088,2201,3100
2012-05-17,9669,2036,2081,3033
2012-05-18,16006,2610,2526,3194
2012-05-19,24034,4249,3328,3644
2012-05-20,19653,3919,3618,4132
2012-05-21,19705,4807,3448,3518
2012-05-22,11418,3852,4093,4002
2012-05-23,13884,4437,5292,3689
2012-05-24,13749,4183,4988,3544
2012-05-25,15857,5947,3753,3321
2012-05-26,14602,3097,2480,2958
2012-05-27,15338,4539,3052,3359
2012-05-28,18114,4657,3304,3671
2012-05-29,16531,4886,3517,4756
2012-05-30,14430,4024,3591,3404
2012-05-31,12019,2898,2678,3280
2012-06-01,16309,3939,3205,3464
2012-06-02,6274,1734,1914,2718
2012-06-03,21259,4304,3704,4181
2012-06-04,31167,5962,4209,4445
2012-06-05,28734,5732,4503,5248
2012-06-06,7853,1980,2239,3712
2012-06-07,18535,4017,4744,5768
2012-06-08,12610,4138,2873,4135
2012-06-09,19108,6148,3970,3653
2012-06-10,27306,5751,3245,4253
2012-06-11,21781,4557,2786,3267
2012-06-12,10976,1743,2066,3302
2012-06-13,41092,7353,4081,4118
2012-06-14,47809,6450,3921,3602
2012-06-15,32323,11135,7276,4093
2012-06-16,25816,5892,7511,3907
2012-06-17,29210,7143,4098,3294
2012-06-18,25191,6376,3598,3731
2012-06-19,20847,5587,5048,4333
2012-06-20,19447,3932,4613,4109
2012-06-21,16004,3246,3631,3765
2012-06-22,13218,3069,3249,3891
2012-06-23,12352,3677,2740,3370
2012-06-24,13200,3106,2654,3301
2012-06-25,16951,4263,3147,4198
2012-06-26,18710,4136,3242,3998
2012-06-27,20904,3412,2638,3758
2012-06-28,16354,3866,2582,3583
2012-06-29,14421,2704,2162,3444
2012-06-30,15207,2781,1884,2614
2012-07-01,12375,2195,1854,2710
2012-07-02,16232,2683,2334,3746
2012-07-03,12971,2644,2656,4236
2012-07-04,14132,2653,2558,3671
2012-07-05,11848,3416,2607,3628
2012-07-06,14132,3426,2273,3930
2012-07-07,15024,2760,2487,5178
2012-07-08,12799,2489,2255,3103
2012-07-09,14506,2935,3343,4182
2012-07-10,22264,4167,3479,5020
2012-07-11,18403,4407,3750,4556
2012-07-12,13866,3046,2875,4366
2012-07-13,13218,3269,2861,5045
2012-07-14,12389,3147,2911,4179
2012-07-15,14395,3815,3589,4406
2012-07-16,16867,5311,3280,5771
2012-07-17,18927,4865,4540,6697
2012-07-18,16729,3972,5282,6450
2012-07-19,18594,3527,3950,4829
2012-07-20,22500,3821,4555,5770
2012-07-21,21256,3488,3798,5910
2012-07-22,19642,5867,4837,4359
2012-07-23,18856,4490,4137,5074
2012-07-24,17092,3169,3309,4638
2012-07-25,16895,2639,2840,4793
2012-07-26,17576,2862,4333,5767
2012-07-27,12724,3323,4676,6254
2012-07-28,19910,4480,5240,5447
2012-07-29,19843,3685,4546,6243
2012-07-30,16638,4590,5320,7671
2012-07-31,27840,3357,3494,6686
2012-08-01,19008,2758,3383,5255
2012-08-02,20636,2684,3258,6468
2012-08-03,14812,2227,3213,7366
2012-08-04,17655,1829,2982,6388
2012-08-05,20737,2113,3438,6856
2012-08-06,23376,2131,3272,6481
2012-08-07,17652,2025,3579,6183
2012-08-08,25220,3259,5042,6481
2012-08-09,17645,2338,3899,5890
2012-08-10,17898,1740,3175,5406
2012-08-11,20775,2303,4627,5266
2012-08-12,21673,2780,5036,4988
2012-08-13,32196,4384,5479,6653
2012-08-14,18284,3328,5472,7265
2012-08-15,30651,4812,8436,8903
2012-08-16,23808,3937,9631,8947
2012-08-17,20457,2582,8676,8701
2012-08-18,20522,2176,7997,6316
2012-08-19,22414,3915,4066,6374
2012-08-20,20028,2789,5049,7797
2012-08-21,25779,4313,4487,7663
2012-08-22,21943,3779,4052,7944
2012-08-23,17971,2110,3919,7653
2012-08-24,18643,2504,3834,7146
2012-08-25,18223,3370,5570,6138
2012-08-26,16362,2594,5021,5364
2012-08-27,16949,2798,5205,7999
2012-08-28,15281,2834,4887,6685
2012-08-29,19199,2915,5485,6442
2012-08-30,17252,3268,6765,6475
2012-08-31,23228,3490,6995,6771
2012-09-01,22537,5200,6768,6108
2012-09-02,17740,3154,5765,6765
2012-09-03,21911,4196,5773,6201
2012-09-04,22417,3794,5827,7755
2012-09-05,23689,3504,5810,7952
2012-09-06,24155,4493,5842,8129
2012-09-07,17770,2789,5844,6912
2012-09-08,14437,3541,4572,8478
2012-09-09,16218,3057,4169,7861
2012-09-10,18005,3025,4691,7761
2012-09-11,23272,2709,4672,7427
2012-09-12,14622,2809,4260,6250
2012-09-13,15605,2901,4503,5886
2012-09-14,18929,3396,5903,7728
2012-09-15,14323,2632,4594,5555
2012-09-16,16309,2639,4225,5081
2012-09-17,11569,2629,4081,5999
2012-09-18,15047,3154,6013,8440
2012-09-19,15552,3365,5394,7779
2012-09-20,16553,2906,4699,6972
2012-09-21,14222,3010,5944,7002
2012-09-22,10170,2247,4215,5225
2012-09-23,15321,2400,4617,5503
2012-09-24,14869,2657,5132,6379
2012-09-25,14209,1902,2806,5121
2012-09-26,19345,2962,3942,6024
2012-09-27,16058,2645,3579,5904
2012-09-28,21178,2572,3409,5451
2012-09-29,14081,1985,3014,4744
2012-09-30,10554,2396,3180,4379
2012-10-01,11188,2679,4255,6474
2012-10-02,17113,3467,4311,7841
2012-10-03,14037,2495,3491,6513
2012-10-04,17284,3366,3962,7214
2012-10-05,21627,3724,4668,6874
2012-10-06,19592,4090,4127,4708
2012-10-07,22284,2760,4429,5128
2012-10-08,22021,4746,5415,5851
2012-10-09,19835,3796,5203,6474
2012-10-10,18046,3029,4241,5761
2012-10-11,15771,2599,3723,5453
2012-10-12,14810,2626,5024,6084
2012-10-13,18582,2605,5776,5979
2012-10-14,15049,2713,4489,5036
2012-10-15,16764,3081,4401,6583
2012-10-16,19742,3381,4266,6989
2012-10-17,18344,2842,3632,6853
2012-10-18,15713,2614,3877,5896
2012-10-19,13756,2133,3353,5720
2012-10-20,17381,3051,3797,6311
2012-10-21,23658,5927,4949,6138
2012-10-22,23629,5670,5904,7794
2012-10-23,16489,3946,4680,6786
2012-10-24,16539,3099,4866,7528
2012-10-25,12808,2707,4221,7119
2012-10-26,11440,1844,2809,5669
2012-10-27,7145,1474,2741,4778
2012-10-28,8607,1723,3021,4448
2012-10-29,10140,2213,3285,5704
2012-10-30,16449,2741,3588,6596
2012-10-31,14263,2739,4152,7687
2012-11-01,11494,2347,3631,6029
2012-11-02,14927,3726,4229,5965
2012-11-03,13870,2183,3183,4517
2012-11-04,12597,2822,3854,4874
2012-11-05,17866,3583,4120,6455
2012-11-06,18298,2926,3842,6785
2012-11-07,20151,3450,4424,8298
2012-11-08,17495,3233,4396,7137
2012-11-09,12108,2696,4042,6159
2012-11-10,16051,2562,3948,4404
2012-11-11,12660,2460,3441,4847
2012-11-12,12695,2686,3877,4513
2012-11-13,15071,2563,4021,5336
2012-11-14,18536,2671,3808,4743
2012-11-15,22971,3884,3993,6620
2012-11-16,20677,5540,5175,7909
2012-11-17,17574,4362,4422,6040
2012-11-18,17143,5540,5158,6149
2012-11-19,19338,5011,5747,6532
2012-11-20,19677,4829,5011,7343
2012-11-21,23503,4282,4622,6507
2012-11-22,17390,3706,3811,5849
2012-11-23,19614,3588,4089,4893
2012-11-24,15897,3033,4342,6295
2012-11-25,20819,4520,4589,6662
2012-11-26,21321,3754,4366,6300
2012-11-27,14327,3022,3398,6737
2012-11-28,21317,3711,4449,7607
2012-11-29,22215,3379,5253,6410
2012-11-30,15767,3392,4539,5935
2012-12-01,20845,3050,4104,5326
2012-12-02,10515,2558,3318,4072
2012-12-03,10308,2725,2755,5724
2012-12-04,16142,4903,4403,6796
2012-12-05,15917,5854,4665,7186
2012-12-06,16733,5169,5873,9251
2012-12-07,15953,4463,4423,7177
2012-12-08,17066,5267,4130,6573
2012-12-09,18008,5028,3897,5000
2012-12-10,22311,4147,3417,6203
2012-12-11,17345,5354,4795,9141
2012-12-12,17928,4621,5180,8877
2012-12-13,20785,5860,7425,8314
2012-12-14,18895,5742,6086,8185
2012-12-15,16420,4408,4699,6722
2012-12-16,20062,5575,4103,5625
2012-12-17,21487,6324,5485,7610
2012-12-18,24669,7421,7859,9738
2012-12-19,21112,8022,6688,8801
2012-12-20,17464,6803,4973,6576
2012-12-21,23219,7929,5622,7684
2012-12-22,32835,6658,5463,6149
2012-12-23,20154,6325,4684,5453
2012-12-24,17478,5489,5452,7560
2012-12-25,14894,4341,4137,5247
2012-12-26,17699,5772,6049,6912
2012-12-27,21615,7290,7377,7349
2012-12-28,24359,8175,6314,8088
2012-12-29,19532,7123,5714,5597
2012-12-30,29990,5195,5078,5018
2012-12-31,16292,4319,4106,5189
2013-01-01,17488,4867,4131,5248
2013-01-02,21883,5353,4939,7105
2013-01-03,23511,6340,5164,7132
2013-01-04,25803,7858,6603,8172
2013-01-05,23144,6279,3912,6120
2013-01-06,17861,4955,4220,5845
2013-01-07,21916,5997,5130,7077
2013-01-08,20734,5328,4696,7733
2013-01-09,22425,6397,5850,8388
2013-01-10,28333,9066,6419,8574
2013-01-11,29689,8973,5874,8096
2013-01-12,25150,6409,6109,7881
2013-01-13,26968,7589,7979,6772
2013-01-14,23088,6385,7417,7513
2013-01-15,24219,6182,6072,8428
2013-01-16,25329,7526,9469,11174
2013-01-17,24194,6897,7569,9329
2013-01-18,24201,6708,8124,9985
2013-01-19,32774,7605,7764,7873
2013-01-20,21161,5573,6223,8284
2013-01-21,19985,4543,6202,9579
2013-01-22,20855,5868,6282,10603
2013-01-23,20884,7564,6671,11433
2013-01-24,21454,7378,6777,10456
2013-01-25,23380,6889,7291,10814
2013-01-26,26535,7207,8108,10360
2013-01-27,27891,9663,6711,10997
2013-01-28,22882,8488,8277,12386
2013-01-29,21246,8954,7368,13977
2013-01-30,16224,6478,6442,11922
2013-01-31,21990,8265,8668,12517
2013-02-01,29517,9395,8907,11416
2013-02-02,27744,8721,7481,10366
2013-02-03,28348,11712,10051,10867
2013-02-04,27235,7986,8249,11371
2013-02-05,24354,10373,7063,11463
2013-02-06,19967,6539,5974,9929
2013-02-07,29921,11089,8724,11349
2013-02-08,28454,11563,8903,11850
2013-02-09,27512,11411,7638,11046
2013-02-10,26651,11667,7612,10352
2013-02-11,23726,12018,8899,12792
2013-02-12,18227,16241,8731,15213
2013-02-13,24329,11865,9641,13084
2013-02-14,14216,13363,8599,14599
2013-02-15,18161,14862,9091,13354
2013-02-16,15430,14028,10210,11576
2013-02-17,16145,13358,9077,10867
2013-02-18,15034,14209,8948,12022
2013-02-19,16336,16265,8997,12762
2013-02-20,18633,17803,9941,13178
2013-02-21,16245,17628,9732,12135
2013-02-22,19230,19248,9369,14154
2013-02-23,17892,18279,8859,12692
2013-02-24,17875,18764,8343,12026
2013-02-25,21109,22422,9805,13604
2013-02-26,19641,18645,9960,15026
2013-02-27,18981,18740,10026,13009
2013-02-28,19447,18256,10976,14174
2013-03-01,19698,19551,10889,14245
2013-03-02,18355,15755,10189,11381
2013-03-03,17993,16013,8933,11359
2013-03-04,19424,17171,12082,15188
2013-03-05,15272,14920,10420,16117
2013-03-06,18101,16800,11143,16561
2013-03-07,19474,18594,12569,15973
2013-03-08,15017,16174,11325,13181
2013-03-09,17486,13736,10767,13388
2013-03-10,26261,16744,14913,15743
2013-03-11,16108,17330,10974,14713
2013-03-12,12699,13590,8330,13730
2013-03-13,14810,15752,9906,16065
2013-03-14,16357,15386,10239,15908
2013-03-15,20768,15669,10839,15328
2013-03-16,11016,8136,5086,9774
2013-03-17,9942,9351,5726,10120
2013-03-18,12199,10067,5978,15051
2013-03-19,12630,9105,7135,17068
2013-03-20,11660,10077,7551,16777
2013-03-21,14576,10768,10018,19984
2013-03-22,18006,12284,10147,19918
2013-03-23,15474,11923,9060,16240
2013-03-24,13182,11276,12387,14301
2013-03-25,11879,10819,9688,16463
2013-03-26,11167,9850,9881,18012
2013-03-27,11946,9882,11390,19858
2013-03-28,15681,12111,12243,20771
2013-03-29,17210,11326,13575,19974
2013-03-30,17139,10503,14530,16851
2013-03-31,11689,7820,10392,13916
2013-04-01,11129,2862,18834,19747
2013-04-02,12317,2812,22347,25619
2013-04-03,12462,3268,21815,26221
2013-04-04,15810,3538,20636,26754
2013-04-05,11961,3985,20624,24645
2013-04-06,10002,2374,18104,21075
2013-04-07,18236,2329,19621,23191
2013-04-08,10444,3015,19614,28452
2013-04-09,11515,2983,19268,33037
2013-04-10,9054,2760,20261,31615
2013-04-11,12510,3576,23601,28560
2013-04-12,11265,2976,19407,24869
2013-04-13,11643,9671,13045,18991
2013-04-14,17348,10000,11004,16966
2013-04-15,12172,10310,12631,19219
2013-04-16,15635,14214,14942,22817
2013-04-17,11311,11326,12816,21082
2013-04-18,8645,2072,17389,18378
2013-04-19,11527,3668,21264,22932
2013-04-20,12761,3191,15997,16199
2013-04-21,8470,2589,16692,16297
2013-04-22,9116,2950,16224,18751
2013-04-23,12468,3604,21855,23573
2013-04-24,14751,2993,21886,25231
2013-04-25,12451,2856,22635,24452
2013-04-26,11174,2529,20141,21249
2013-04-27,8680,2190,14810,18542
2013-04-28,9200,2088,13985,16429
2013-04-29,8907,4737,16815,21143
2013-04-30,10769,3230,16343,17108
2013-05-01,11736,2492,19226,21722
2013-05-02,12509,2712,19221,20853
2013-05-03,10922,8547,12486,19089
2013-05-04,12788,1953,19577,16015
2013-05-05,10873,2272,19161,17861
2013-05-06,11659,2611,18625,20279
2013-05-07,11858,2509,19363,22837
2013-05-08,9994,1814,18331,20135
2013-05-09,14576,2286,28105,21643
2013-05-10,14554,2531,28513,22111
2013-05-11,16123,2301,32667,22129
2013-05-12,14640,2357,27209,21054
2013-05-13,12314,2101,23244,23165
2013-05-14,14063,2683,25659,23911
2013-05-15,13017,2794,24973,23246
2013-05-16,12170,2767,24234,21839
2013-05-17,12501,2102,23316,20651
2013-05-18,9965,1825,20354,19922
2013-05-19,10253,1595,18391,17425
2013-05-20,8883,1812,18794,19203
2013-05-21,9385,2421,20454,21531
2013-05-22,9343,2374,19775,20342
2013-05-23,9734,2496,24053,23332
2013-05-24,8690,2448,21465,22629
2013-05-25,9093,2165,20471,19386
2013-05-26,7241,1816,14584,16918
2013-05-27,9552,2092,19206,21732
2013-05-28,9205,3129,20696,23882
2013-05-29,9504,3767,18051,23570
2013-05-30,10919,3513,20183,22632
2013-05-31,9854,2964,18622,22731
2013-06-01,11717,2430,20177,19774
2013-06-02,9753,2442,18008,19545
2013-06-03,9773,1951,21332,22605
2013-06-04,9563,2642,21357,23847
2013-06-05,11436,2768,20064,22108
2013-06-06,10613,2639,20079,21126
2013-06-07,8259,2624,20365,20779
2013-06-08,9065,2241,18045,18686
2013-06-09,8430,1533,16676,17673
2013-06-10,7148,2194,17015,18469
2013-06-11,8420,2019,19032,20012
2013-06-12,7264,2081,17687,18672
2013-06-13,6673,2350,16201,17783
2013-06-14,8680,2848,20210,18254
2013-06-15,6085,5482,10647,13439
2013-06-16,8429,5892,13233,15227
2013-06-17,9397,2060,16091,18250
2013-06-18,8214,2057,16908,18698
2013-06-19,8218,2648,17687,18342
2013-06-20,11797,2236,18993,19335
2013-06-21,7892,2772,18323,17872
2013-06-22,8701,2464,16142,17111
2013-06-23,6701,1702,14914,15025
2013-06-24,7328,1928,16280,18559
2013-06-25,7284,1810,16465,18913
2013-06-26,7765,1790,16654,19244
2013-06-27,9111,2235,15663,18952
2013-06-28,10331,8447,11284,19321
2013-06-29,6164,6055,10001,14156
2013-06-30,5414,4401,8614,12371
2013-07-01,5697,6370,9454,17450
2013-07-02,6332,6347,9131,17687
2013-07-03,4442,6324,8223,16358
2013-07-04,5203,6851,7608,15465
2013-07-05,5841,8592,6988,15430
2013-07-06,5978,8217,6392,12598
2013-07-07,5656,6071,6348,12095
2013-07-08,7008,7753,8221,16455
2013-07-09,5990,7586,9956,17115
2013-07-10,5457,6625,9405,17556
2013-07-11,5840,6068,13104,18248
2013-07-12,6954,9096,14018,18038
2013-07-13,6965,6100,10126,14622
2013-07-14,8227,6264,7164,13106
2013-07-15,6143,7279,7840,15328
2013-07-16,6343,8140,9160,15585
2013-07-17,6671,7253,9798,16737
2013-07-18,7765,7073,8325,17846
2013-07-19,6158,6767,9079,14584
2013-07-20,7037,7470,7088,11921
2013-07-21,6308,7036,9069,12844
2013-07-22,6454,7274,9753,16333
2013-07-23,6480,6882,8882,16047
2013-07-24,8609,6775,9742,17076
2013-07-25,8450,7113,10091,16730
2013-07-26,5184,7835,8517,14924
2013-07-27,8204,8080,8107,13069
2013-07-28,10037,7097,7173,12827
2013-07-29,7333,7009,9641,17651
2013-07-30,6096,5443,12588,17809
2013-07-31,7439,8697,14405,18793
2013-08-01,7878,10016,14745,18088
2013-08-02,8824,9144,14345,19176
2013-08-03,9988,8104,12564,14920
2013-08-04,6875,6519,13291,16082
2013-08-05,6859,8272,15440,20241
2013-08-06,7623,7841,18514,20201
2013-08-07,10527,9835,17142,19916
2013-08-08,12097,11000,15023,19697
2013-08-09,8995,9504,12332,18632
2013-08-10,12410,7990,11035,20050
2013-08-11,6621,6580,9236,15769
2013-08-12,9894,9324,10398,20396
2013-08-13,9934,9284,10735,22944
2013-08-14,8912,7405,12632,22543
2013-08-15,15700,7721,13511,21027
2013-08-16,14188,16150,15437,25176
2013-08-17,11919,16330,13156,14951
2013-08-18,15214,13076,12520,15393
2013-08-19,15916,7196,25750,22275
2013-08-20,14354,7237,20258,21189
2013-08-21,12384,5746,21247,20958
2013-08-22,13899,5844,27205,19648
2013-08-23,11902,4471,20852,17774
2013-08-24,12937,3190,17870,17637
2013-08-25,12686,2558,14352,14700
2013-08-26,12401,3616,18016,21894
2013-08-27,12281,3626,21200,24911
2013-08-28,12857,4116,22250,25346
2013-08-29,11581,2858,20470,23894
2013-08-30,12387,2654,24443,22914
2013-08-31,12066,1867,15737,17612
2013-09-01,11105,2339,15415,17518
2013-09-02,10310,2960,17260,20521
2013-09-03,9150,2881,18673,21265
2013-09-04,9075,3029,19056,21656
2013-09-05,11853,3951,23180,21567
2013-09-06,13188,3637,22688,21152
2013-09-07,11238,3775,19356,17453
2013-09-08,10580,3953,17054,14708
2013-09-09,15383,4596,18807,18687
2013-09-10,11286,4419,18063,19324
2013-09-11,9391,3876,14137,21606
2013-09-12,9885,4503,16099,21600
2013-09-13,7504,3279,15421,18426
2013-09-14,9484,2933,13786,17139
2013-09-15,13505,3769,18014,18203
2013-09-16,9687,3368,17313,21363
2013-09-17,16472,4939,20911,25430
2013-09-18,13076,5341,18425,23544
2013-09-19,13365,5034,18230,22996
2013-09-20,13119,5024,18144,22507
2013-09-21,14009,3688,15859,18753
2013-09-22,14950,3632,14451,17667
2013-09-23,15138,4671,18572,26737
2013-09-24,13083,3720,19130,26447
2013-09-25,11821,4067,15672,22782
2013-09-26,10149,4308,16763,26163
2013-09-27,8980,3130,14727,19905
2013-09-28,9096,3018,13301,16988
2013-09-29,8479,3677,12357,16498
2013-09-30,8325,3772,14795,20101
2013-10-01,10969,4129,19124,22762
2013-10-02,13091,7738,17683,23261
2013-10-03,14027,4756,18194,22375
2013-10-04,12136,4402,15205,20017
2013-10-05,12649,2765,14191,15655
2013-10-06,10317,2819,14771,14765
2013-10-07,9403,3290,13331,18367
2013-10-08,8921,3982,13471,16465
2013-10-09,11648,5533,15004,20440
2013-10-10,13758,5437,15647,21819
2013-10-11,11191,3579,16123,20844
2013-10-12,13878,3014,14938,17430
2013-10-13,15331,3520,14187,18045
2013-10-14,14043,4215,16512,22432
2013-10-15,12941,4400,16267,21958
2013-10-16,9372,4678,14953,21613
2013-10-17,9289,3957,14449,19008
2013-10-18,15935,4690,17006,21838
2013-10-19,12558,5193,15611,21726
2013-10-20,11348,4528,14327,19016
2013-10-21,12042,5863,17733,24602
2013-10-22,11064,6367,20599,26773
2013-10-23,8911,4353,16475,25354
2013-10-24,12257,5005,20059,26098
2013-10-25,11062,4128,19150,22896
2013-10-26,10498,3325,16073,17669
2013-10-27,10816,2795,13995,15906
2013-10-28,9642,4069,15638,21580
2013-10-29,8583,3965,15234,21988
2013-10-30,7824,3173,14010,23244
2013-10-31,10715,4932,18086,24237
2013-11-01,5202,3994,12002,23965
2013-11-02,5912,2740,10439,19888
2013-11-03,4178,1997,10614,18966
2013-11-04,4471,2915,12263,25679
2013-11-05,4710,3337,16089,27287
2013-11-06,4228,4281,18296,28040
2013-11-07,4618,7034,17212,31527
2013-11-08,3650,5497,13015,36927
2013-11-09,3468,3925,11429,36234
2013-11-10,4387,4024,12020,36936
2013-11-11,7046,4886,13395,31891
2013-11-12,6622,4124,15758,31602
2013-11-13,7404,5342,16889,35067
2013-11-14,7458,4804,15738,41230
2013-11-15,6808,4280,12775,36885
2013-11-16,4193,3310,9418,30060
2013-11-17,5809,3188,9222,32918
2013-11-18,6094,4176,5691,62915
2013-11-19,6060,5381,8442,72863
2013-11-20,5112,4968,6797,60517
2013-11-21,4892,4406,6180,56194
2013-11-22,6078,4665,6438,59594
2013-11-23,6375,4907,5635,55458
2013-11-24,6234,4199,5017,45243
2013-11-25,6116,5189,6492,53823
2013-11-26,5084,4875,7494,65771
2013-11-27,5232,6237,11508,72381
2013-11-28,5380,4966,9180,79214
2013-11-29,4719,3370,8038,73784
2013-11-30,4386,3093,6356,59884
2013-12-01,4190,4316,5195,59541
2013-12-02,3801,3585,7145,60880
2013-12-03,3900,3911,7544,62112
2013-12-04,3910,3923,8114,63506
2013-12-05,3914,4350,13233,61616
2013-12-06,3986,5791,8921,53193
2013-12-07,4280,4597,5632,53008
2013-12-08,2868,3093,4330,36991
2013-12-09,3310,4136,5787,50216
2013-12-10,4078,4299,6197,52857
2013-12-11,4235,4639,5898,52368
2013-12-12,3976,3435,5191,45454
2013-12-13,3583,3579,5168,47556
2013-12-14,2908,3488,4950,42568
2013-12-15,2856,3417,5100,40758
2013-12-16,3971,4523,7009,53678
2013-12-17,4051,4344,7573,51569
2013-12-18,4772,5199,13722,57618
2013-12-19,4453,4565,10873,50161
2013-12-20,4573,5562,11507,43263
2013-12-21,5203,5496,8497,36726
2013-12-22,5152,4167,6696,36713
2013-12-23,4523,4037,6015,39521
2013-12-24,4478,4355,6429,40434
2013-12-25,4074,3622,4919,42651
2013-12-26,3782,3061,4734,39519
2013-12-27,3763,3480,5772,39475
2013-12-28,4128,3437,5542,34752
2013-12-29,4899,3847,6809,35602
2013-12-30,3872,4456,6867,40245
2013-12-31,3668,3758,5654,35583
2014-01-01,2760,3403,6311,30391
2014-01-02,2642,4493,6819,40682
2014-01-03,3517,4063,5666,47573
2014-01-04,2941,3584,5093,40293
2014-01-05,3052,3648,5348,46421
2014-01-06,3027,4382,6408,53355
2014-01-07,3208,4350,7479,47697
2014-01-08,3326,4435,7478,46007
2014-01-09,2954,4298,7299,44273
2014-01-10,2781,4051,6208,40939
2014-01-11,2785,3933,6406,42522
2014-01-12,2734,4530,6124,36942
2014-01-13,2803,4485,7517,38487
2014-01-14,3266,4593,6912,42445
2014-01-15,3375,5116,7184,45753
2014-01-16,3072,4500,6437,42509
2014-01-17,4085,4104,6169,44516
2014-01-18,2826,3974,5809,38790
2014-01-19,2870,3229,5467,36270
2014-01-20,3574,4571,6607,48056
2014-01-21,3245,4618,10227,54321
2014-01-22,3811,4882,7971,48979
2014-01-23,3987,4536,7114,47762
2014-01-24,3639,4568,6824,50380
2014-01-25,2995,4297,5474,40933
2014-01-26,2819,4289,5317,41005
2014-01-27,3245,5061,6702,49192
2014-01-28,2890,4488,6494,51736
2014-01-29,2938,4145,5964,46483
2014-01-30,2905,4867,6944,45907
2014-01-31,3043,4331,6707,46004
2014-02-01,2613,5270,7137,39629
2014-02-02,2857,4732,6628,38080
2014-02-03,2920,4843,7521,42135
2014-02-04,3289,6412,8738,51188
2014-02-05,3357,5431,8118,50455
2014-02-06,3671,5887,8453,51967
2014-02-07,3543,6212,8022,52582
2014-02-08,3611,5406,7692,48118
2014-02-09,3383,4797,7044,41217
2014-02-10,3446,5117,7631,50500
2014-02-11,3394,4751,7151,51769
2014-02-12,3916,4693,6802,46537
2014-02-13,3880,5010,7992,50279
2014-02-14,4462,5572,8494,56170
2014-02-15,3489,4993,7952,45275
2014-02-16,3979,5122,7163,41072
2014-02-17,4679,5916,7578,42525
2014-02-18,4864,5977,8655,45749
2014-02-19,4458,6430,8871,50183
2014-02-20,4453,5752,8151,52611
2014-02-21,3630,4673,7683,53252
2014-02-22,3113,4551,7010,43696
2014-02-23,3550,5158,7554,43767
2014-02-24,4402,5784,9952,53467
2014-02-25,4084,5813,14258,55766
2014-02-26,3548,5638,12435,50094
2014-02-27,4268,7646,11089,48945
2014-02-28,3877,6633,10459,49140
2014-03-01,4236,10781,9807,38434
2014-03-02,4353,9218,7448,35476
2014-03-03,6821,14200,9641,50454
2014-03-04,8900,13042,10924,51585
2014-03-05,5568,10858,10369,45441
2014-03-06,4909,9741,12371,43333
2014-03-07,5604,13225,8896,44454
2014-03-08,6560,9100,7220,41542
2014-03-09,4995,7257,9096,40634
2014-03-10,7023,10487,7932,45293
2014-03-11,6079,11063,10686,48208
2014-03-12,5455,14528,8413,47761
2014-03-13,8467,11361,8024,44791
2014-03-14,10258,10066,8645,41513
2014-03-15,6645,9571,7919,36008
2014-03-16,7278,9519,7594,34770
2014-03-17,9277,10448,8446,38064
2014-03-18,9599,8269,6313,29815
2014-03-19,7231,9869,12814,43730
2014-03-20,7288,12169,10114,41254
2014-03-21,10506,14602,9185,38612
2014-03-22,10354,13411,9265,33473
2014-03-23,8368,9350,6967,32912
2014-03-24,7991,10097,11037,41670
2014-03-25,5238,11285,10859,44344
2014-03-26,6836,11485,8429,41406
2014-03-27,7755,11939,14582,37270
2014-03-28,6420,12106,8706,39673
2014-03-29,4753,9576,11358,27389
2014-03-30,5563,11347,12524,26893
2014-03-31,6733,11511,13216,33807
2014-04-01,7591,8181,13783,34410
2014-04-02,5349,13563,14050,33704
2014-04-03,5643,12396,13999,34832
2014-04-04,7381,12280,12859,32977
2014-04-05,7213,9521,11323,27567
2014-04-06,6822,8048,11516,23473
2014-04-07,7947,13086,14083,30543
2014-04-08,7787,12983,14440,32497
2014-04-09,7081,13535,13928,30448
2014-04-10,8513,13215,15287,30857
2014-04-11,8585,11268,13938,31772
2014-04-12,5788,8227,10707,22857
2014-04-13,6203,8642,12237,23899
2014-04-14,6884,11408,16053,35681
2014-04-15,5841,12000,10507,44279
2014-04-16,7419,10934,7618,42464
2014-04-17,8941,9750,12252,34078
2014-04-18,6321,10729,11777,28009
2014-04-19,7050,9249,6832,30225
2014-04-20,5961,8799,9990,24115
2014-04-21,6634,10757,11674,28874
2014-04-22,10454,14045,14548,38841
2014-04-23,10700,11249,14102,37738
2014-04-24,8344,12076,9197,42926
2014-04-25,10288,13936,13775,34469
2014-04-26,5615,10777,10531,25089
2014-04-27,8441,8323,11407,24281
2014-04-28,9336,10261,13020,31777
2014-04-29,7881,11523,13741,31723
2014-04-30,6884,11850,12836,31949
2014-05-01,6521,12047,12220,28694
2014-05-02,7699,12422,11849,27850
2014-05-03,7143,10359,11576,24937
2014-05-04,8611,8053,11279,23675
2014-05-05,11064,10313,13993,32268
2014-05-06,10799,14280,16804,35151
2014-05-07,9786,12796,13941,33143
2014-05-08,9182,12573,14756,32259
2014-05-09,8347,12169,13705,31902
2014-05-10,6896,10828,11254,27259
2014-05-11,8388,9029,10834,24187
2014-05-12,11703,11559,15229,35763
2014-05-13,9291,12074,14146,33684
2014-05-14,8978,11941,15388,33351
2014-05-15,10253,13902,15458,35109
2014-05-16,7118,13347,13820,30967
2014-05-17,6365,10358,10554,26061
2014-05-18,7006,9153,9889,23692
2014-05-19,7902,11213,12608,32203
2014-05-20,8510,12202,12529,38102
2014-05-21,8797,10769,11889,37275
2014-05-22,7763,10946,10161,44301
2014-05-23,6613,10626,11331,44075
2014-05-24,5200,8745,6656,32117
2014-05-25,5627,9523,6664,35591
2014-05-26,7751,10235,7961,40902
2014-05-27,8566,8371,9529,41922
2014-05-28,7408,9228,10898,44635
2014-05-29,6524,10264,8800,39633
2014-05-30,6145,10765,6960,41090
2014-05-31,6595,7362,6174,31894
2014-06-01,6694,7607,7154,33592
2014-06-02,5890,9845,9652,38854
2014-06-03,6565,10811,9118,42984
2014-06-04,6576,9237,9227,39872
2014-06-05,5889,8494,11653,40757
2014-06-06,6363,10927,8709,36204
2014-06-07,6891,7775,5996,30393
2014-06-08,6825,6651,7305,27391
2014-06-09,6468,8875,8033,36343
2014-06-10,6339,8664,9759,38387
2014-06-11,6689,10181,8626,37185
2014-06-12,7143,10283,8098,39048
2014-06-13,9435,9493,8269,37379
2014-06-14,5410,7307,9101,31600
2014-06-15,5232,7784,9295,31415
2014-06-16,6872,12146,10797,38259
2014-06-17,8177,9427,11445,40844
2014-06-18,6042,9450,9572,38666
2014-06-19,6567,10095,8407,37218
2014-06-20,6770,8524,8758,33143
2014-06-21,5496,7465,8863,29163
2014-06-22,5289,8385,7978,28272
2014-06-23,6372,10941,7151,35576
2014-06-24,7845,11205,8064,37581
2014-06-25,9496,9909,7736,37069
2014-06-26,7544,8272,9047,36398
2014-06-27,6531,8816,10365,37057
2014-06-28,5502,8912,8820,30976
2014-06-29,5949,8628,6744,27616
2014-06-30,9523,10846,7932,41798
2014-07-01,9018,9134,8596,42562
2014-07-02,6120,8651,9790,42030
2014-07-03,6846,10003,8446,37415
2014-07-04,7719,9286,8311,34012
2014-07-05,5799,9092,9346,25565
2014-07-06,5799,11102,8675,26421
2014-07-07,6715,14621,8099,35101
2014-07-08,10709,13848,8115,37295
2014-07-09,7088,11755,10429,39080
2014-07-10,6321,11548,9662,36925
2014-07-11,6362,9031,8473,35055
2014-07-12,6193,8773,8536,29795
2014-07-13,6044,8521,9173,28519
2014-07-14,5943,9078,11813,35792
2014-07-15,7669,14569,10234,39685
2014-07-16,7799,10479,9819,37330
2014-07-17,7663,10226,10678,37494
2014-07-18,7182,10957,10105,35646
2014-07-19,9171,11810,9227,29168
2014-07-20,7279,7916,8548,28103
2014-07-21,6452,9864,10658,37061
2014-07-22,6962,11615,9117,39022
2014-07-23,9465,11698,8058,37516
2014-07-24,8619,8050,10028,39436
2014-07-25,6484,8940,10207,35704
2014-07-26,6812,10472,8133,30782
2014-07-27,7265,9276,7152,28145
2014-07-28,8982,9926,8534,37152
2014-07-29,7158,7433,10414,36453
2014-07-30,7112,10047,10589,38233
2014-07-31,7342,11826,9997,40442
2014-08-01,7907,12232,9450,38169
2014-08-02,8347,7807,7189,31483
2014-08-03,7055,7196,9493,29723
2014-08-04,7426,10251,10691,39351
2014-08-05,8435,12455,10210,41588
2014-08-06,10583,13178,12942,43535
2014-08-07,9631,10040,9891,40191
2014-08-08,8312,10393,11691,37709
2014-08-09,7011,9864,10120,33456
2014-08-10,6499,9949,10038,31250
2014-08-11,10212,13674,9851,41656
2014-08-12,11490,11536,10236,43546
2014-08-13,8895,12836,11372,42490
2014-08-14,10384,15066,12609,40843
2014-08-15,8118,17473,12415,35022
2014-08-16,8620,14309,11899,32988
2014-08-17,7984,12816,11341,27912
2014-08-18,8941,13562,13236,36821
2014-08-19,11055,11762,13618,38119
2014-08-20,8522,11070,10673,43408
2014-08-21,7084,13364,10509,42042
2014-08-22,7010,11380,10102,38349
2014-08-23,7443,11647,10673,27668
2014-08-24,7960,10696,8598,29295
2014-08-25,8546,12465,10596,38150
2014-08-26,7499,11508,10798,42682
2014-08-27,6972,12709,11389,43342
2014-08-28,6627,12464,10354,39010
2014-08-29,7250,12347,9850,38997
2014-08-30,8510,10422,10742,31358
2014-08-31,7283,10838,12630,26816
2014-09-01,7296,12578,15796,34577
2014-09-02,7608,14019,14626,35509
2014-09-03,7953,12967,14414,36365
2014-09-04,8624,11434,12778,37816
2014-09-05,8126,11463,14317,33987
2014-09-06,7313,11645,13922,30310
2014-09-07,8135,12877,13251,25934
2014-09-08,9893,13488,15287,36954
2014-09-09,10439,13804,16545,40878
2014-09-10,9042,11982,14533,36844
2014-09-11,7635,11264,13011,33946
2014-09-12,8537,12907,12709,34077
2014-09-13,8775,10695,12607,28988
2014-09-14,8935,12933,14724,30905
2014-09-15,8285,14308,16207,39708
2014-09-16,10874,18689,18373,39127
2014-09-17,10764,15798,14640,38917
2014-09-18,9671,14876,15152,37486
2014-09-19,9893,12540,13380,33453
2014-09-20,11322,10770,12302,28912
2014-09-21,9729,10882,12857,26168
2014-09-22,11801,11475,14403,35442
2014-09-23,10695,13191,14315,38932
2014-09-24,9234,14183,15088,36313
2014-09-25,9516,18168,14943,35724
2014-09-26,10231,14924,14178,33088
2014-09-27,13517,10336,12240,26747
2014-09-28,12846,11417,12296,25915
2014-09-29,10728,14087,15607,37365
2014-09-30,10036,13605,15821,38391
2014-10-01,11089,15277,15468,36790
2014-10-02,10589,13536,14134,33663
2014-10-03,12866,14869,15219,32020
2014-10-04,10946,13032,14007,28493
2014-10-05,11584,13536,13888,28153
2014-10-06,12594,14576,14931,35787
2014-10-07,12778,13839,15966,36352
2014-10-08,12411,12074,16790,37399
2014-10-09,12043,14455,16826,39317
2014-10-10,11359,15925,16190,37429
2014-10-11,11571,12178,13229,27898
2014-10-12,11371,12625,12829,26536
2014-10-13,10487,14385,16014,36901
2014-10-14,11822,14078,15514,39818
2014-10-15,11028,13716,14911,36451
2014-10-16,9869,13919,15802,35999
2014-10-17,8055,15243,14294,33105
2014-10-18,9126,13866,13824,29497
2014-10-19,9374,13452,13568,26728
2014-10-20,12904,14447,16517,38695
2014-10-21,14439,12820,16696,37543
2014-10-22,13971,13204,15232,37421
2014-10-23,13452,13901,16802,36332
2014-10-24,12978,16716,15098,32955
2014-10-25,15311,12768,14106,30175
2014-10-26,19456,11693,13994,25494
2014-10-27,17130,13404,16957,36327
2014-10-28,16282,16616,17071,37873
2014-10-29,15831,16410,20520,40751
2014-10-30,19160,15304,19919,38069
2014-10-31,18390,15371,17156,34598
2014-11-01,13955,13776,14384,27317
2014-11-02,17472,16916,15674,26953
2014-11-03,18887,16616,18613,36066
2014-11-04,15108,13397,19951,38999
2014-11-05,15136,15669,18571,39946
2014-11-06,16412,18905,19702,38215
2014-11-07,14413,18299,16873,35130
2014-11-08,14264,14150,16373,27777
2014-11-09,17266,13273,14659,26864
2014-11-10,16344,15075,18211,39217
2014-11-11,14640,15388,18000,37461
2014-11-12,15651,15709,18167,45905
2014-11-13,14257,14851,17895,45810
2014-11-14,12464,15203,17181,41305
2014-11-15,12225,14832,15015,31030
2014-11-16,16818,14863,14397,29781
2014-11-17,15424,16529,17421,38836
2014-11-18,16401,14191,17112,39666
2014-11-19,15520,14736,16910,37964
2014-11-20,17368,14378,17724,39780
2014-11-21,14883,14971,16258,35940
2014-11-22,15660,13213,15643,30055
2014-11-23,17630,14803,16313,28395
2014-11-24,13851,14574,19358,37877
2014-11-25,14818,14423,17639,39122
2014-11-26,14860,14553,17765,37796
2014-11-27,13446,15343,17756,37996
2014-11-28,13081,15997,16293,40393
2014-11-29,13575,16870,15757,32739
2014-11-30,16875,18034,18308,31636
2014-12-01,18602,19637,18345,40909
2014-12-02,18020,20179,17603,43467
2014-12-03,17964,20056,18717,42495
2014-12-04,16533,18811,20083,42775
2014-12-05,17395,17599,17431,38319
2014-12-06,16722,13983,16646,33742
2014-12-07,16320,14601,14731,29014
2014-12-08,14775,16626,17788,41394
2014-12-09,13630,16148,18209,42091
2014-12-10,13395,18270,18381,38609
2014-12-11,12051,16065,17058,38683
2014-12-12,11815,16143,17357,35841
2014-12-13,11429,16282,16278,32072
2014-12-14,15458,16589,17568,29947
2014-12-15,15331,17192,20308,41487
2014-12-16,17567,16374,21870,45110
2014-12-17,15760,18854,20749,42953
2014-12-18,14367,19795,18958,41958
2014-12-19,14815,18682,19831,41940
2014-12-20,14534,18185,17112,36936
2014-12-21,16717,16827,15072,30215
2014-12-22,14664,17965,19141,44577
2014-12-23,14902,19377,19174,45866
2014-12-24,11036,18379,17154,35625
2014-12-25,9845,16495,14900,26520
2014-12-26,10477,17231,15726,32612
2014-12-27,11535,18342,14048,32737
2014-12-28,13465,18230,14959,28892
2014-12-29,14084,18026,16124,35049
2014-12-30,15091,18584,15252,35967
2014-12-31,14371,16455,14384,32049
2015-01-01,11457,13640,11982,22100
2015-01-02,15563,17278,15143,31138
2015-01-03,19363,15842,16225,30635
2015-01-04,19356,15153,17713,33300
2015-01-05,19874,16092,20019,39444
2015-01-06,15845,15512,17730,38576
2015-01-07,15043,17600,18740,38393
2015-01-08,24919,20366,22545,39155
2015-01-09,24149,18811,20380,38795
2015-01-10,30026,19819,19401,35481
2015-01-11,28282,15968,16819,29406
2015-01-12,26977,17991,17405,36454
2015-01-13,26590,15029,18378,42185
2015-01-14,27825,13962,21072,41761
2015-01-15,32240,21354,23382,43263
2015-01-16,27739,19193,19728,37900
2015-01-17,26141,14339,19441,30440
2015-01-18,26602,10930,17722,27779
2015-01-19,27937,12877,21139,36388
2015-01-20,25379,13717,21591,38120
2015-01-21,22371,15272,21628,37539
2015-01-22,19309,17303,19506,37445
2015-01-23,17295,18051,19234,37307
2015-01-24,17252,15469,17808,32902
2015-01-25,19751,17903,19442,29337
2015-01-26,21432,19565,21731,45326
2015-01-27,21436,17635,19829,40344
2015-01-28,21018,11279,17112,35659
2015-01-29,24504,11738,17061,37412
2015-01-30,20434,11337,15759,33531
2015-01-31,28627,11414,15898,30207
2015-02-01,25320,11174,14948,27397
2015-02-02,22324,11534,16345,35625
2015-02-03,22839,12746,17202,38879
2015-02-04,20279,13873,17099,39404
2015-02-05,18049,13953,16517,37889
2015-02-06,18929,13489,16865,36245
2015-02-07,21143,13397,18385,32615
2015-02-08,27778,10668,15661,28440
2015-02-09,28772,15555,20193,40077
2015-02-10,25107,14242,21324,42158
2015-02-11,24443,15093,19203,38151
2015-02-12,21899,12376,16920,36113
2015-02-13,32536,21248,19638,40092
2015-02-14,25888,19680,19139,33906
2015-02-15,25747,12415,17888,29077
2015-02-16,27019,15248,23932,38276
2015-02-17,27663,16581,19659,38936
2015-02-18,24762,20533,21812,38445
2015-02-19,20661,18437,20020,35268
2015-02-20,22865,18222,20841,36628
2015-02-21,22581,14490,20217,30397
2015-02-22,24541,13220,19365,27665
2015-02-23,28629,15031,21130,36583
2015-02-24,29063,15098,21607,39228
2015-02-25,27113,17500,21903,38719
2015-02-26,23431,18706,21713,36817
2015-02-27,19608,21180,20690,39844
2015-02-28,18998,20057,18219,32216
2015-03-01,23343,15575,18561,31109
2015-03-02,23420,16272,20252,44835
2015-03-03,24236,17185,21735,47667
2015-03-04,21643,16215,19402,41129
2015-03-05,20267,18176,19758,42782
2015-03-06,16556,17744,19301,40120
2015-03-07,18796,17028,20389,35152
2015-03-08,17049,15728,20708,33886
2015-03-09,20100,19977,20169,45146
2015-03-10,18961,20633,20802,44993
2015-03-11,20132,19418,19018,42043
2015-03-12,17326,18761,18543,42334
2015-03-13,18837,19293,18795,38965
2015-03-14,18907,17846,18511,34116
2015-03-15,19751,18592,16836,29612
2015-03-16,22945,22563,19204,40367
2015-03-17,20066,20649,18498,40220
2015-03-18,20310,20683,18162,40299
2015-03-19,21868,24301,19645,40346
2015-03-20,23306,22994,19321,37775
2015-03-21,24096,19518,17540,31531
2015-03-22,23990,16151,18784,31519
2015-03-23,22616,20190,19646,43422
2015-03-24,20520,16280,17932,38022
2015-03-25,21825,17265,19057,38829
2015-03-26,22795,21104,19415,37719
2015-03-27,25448,16811,18829,38232
2015-03-28,22657,15962,17430,31177
2015-03-29,29484,15499,17922,27458
2015-03-30,30843,16114,20263,38993
2015-03-31,31811,18080,21963,43107
2015-04-01,31912,19008,22253,46038
2015-04-02,27311,20883,21018,42692
2015-04-03,26976,20354,19135,37935
2015-04-04,26036,17188,16309,29965
2015-04-05,24799,20744,19109,30223
2015-04-06,25509,21483,21632,38699
2015-04-07,27242,17807,21192,42321
2015-04-08,31300,14522,21461,43343
2015-04-09,32623,14915,25245,43704
2015-04-10,34446,16332,21622,40274
2015-04-11,33687,15237,18156,32209
2015-04-12,28486,13926,16573,27886
2015-04-13,30531,19439,23238,42043
2015-04-14,28168,17465,21211,43157
2015-04-15,26875,17148,22758,40703
2015-04-16,25857,15226,21039,36786
2015-04-17,28229,16523,19938,37939
2015-04-18,31926,16631,17957,31049
2015-04-19,27886,14905,17945,30253
2015-04-20,36578,16248,21191,42575
2015-04-21,30004,13601,21918,46826
2015-04-22,30446,14574,22267,44439
2015-04-23,29150,14123,21910,44525
2015-04-24,29971,14129,20756,43796
2015-04-25,28640,14969,19089,35604
2015-04-26,27586,15199,18375,31695
2015-04-27,30408,16718,21074,45438
2015-04-28,29557,16610,21177,45696
2015-04-29,29862,16857,22240,48174
2015-04-30,28406,15482,20736,48200
2015-05-01,24993,14924,19326,40169
2015-05-02,25915,18638,19265,31137
2015-05-03,22475,14616,16052,31318
2015-05-04,26142,16030,19211,42489
2015-05-05,28618,14046,22489,50041
2015-05-06,27956,13636,21830,48150
2015-05-07,25301,16585,21080,48018
2015-05-08,27227,17491,21272,43005
2015-05-09,25981,16253,20822,31531
2015-05-10,26050,13512,17324,32394
2015-05-11,27934,14479,20998,47805
2015-05-12,27037,13067,20369,49478
2015-05-13,26463,15065,20920,46248
2015-05-14,19917,17277,20003,44233
2015-05-15,20445,18963,20917,44688
2015-05-16,21179,16948,18566,33861
2015-05-17,20587,17914,18203,30287
2015-05-18,23076,16571,19131,39656
2015-05-19,23290,15229,20768,47929
2015-05-20,23668,12863,21284,48928
2015-05-21,23748,12017,19358,43024
2015-05-22,27364,12991,19906,42371
2015-05-23,23794,12275,17264,32834
2015-05-24,28977,13329,20321,31271
2015-05-25,26008,16013,23415,40509
2015-05-26,23334,16030,22213,46663
2015-05-27,21897,16949,22069,47036
2015-05-28,23453,17415,22795,47185
2015-05-29,27812,17783,28664,49639
2015-05-30,40075,15608,31453,40529
2015-05-31,25723,13737,19788,39388
2015-06-01,31216,16990,22863,57495
2015-06-02,28918,17251,23449,58439
2015-06-03,29799,18304,24784,54571
2015-06-04,33221,15395,22125,47464
2015-06-05,27105,13839,21440,47679
2015-06-06,24348,12402,16641,39127
2015-06-07,23545,11692,16696,31545
2015-06-08,24295,15134,21802,46785
2015-06-09,22911,19133,23638,55805
2015-06-10,26076,18384,25042,61608
2015-06-11,22293,16267,22823,59106
2015-06-12,24632,18133,25269,58769
2015-06-13,23977,14314,20720,46673
2015-06-14,26044,12627,21113,43104
2015-06-15,30756,16036,24455,57998
2015-06-16,26534,16029,23139,55721
2015-06-17,27658,17262,25888,62156
2015-06-18,27935,17047,23960,55831
2015-06-19,29416,17713,25553,52393
2015-06-20,23528,16111,19610,42629
2015-06-21,25585,15234,18967,36744
2015-06-22,34458,16133,21484,47117
2015-06-23,29447,16921,24414,54638
2015-06-24,26695,13864,21890,50488
2015-06-25,22347,16266,21810,50893
2015-06-26,25969,15814,22394,52101
2015-06-27,27142,15515,20097,43121
2015-06-28,24656,15624,19458,39266
2015-06-29,25624,17369,22586,58461
2015-06-30,59116,18260,21564,56784
2015-07-01,31804,22110,25188,64875
2015-07-02,29836,16519,23209,72435
2015-07-03,28313,15129,23777,62339
2015-07-04,25874,14493,19561,44502
2015-07-05,23189,14004,18415,59334
2015-07-06,58609,18528,22413,74339
2015-07-07,91035,15727,19814,64037
2015-07-08,114345,12457,16594,58190
2015-07-09,89705,18074,23995,59256
2015-07-10,96169,15420,22199,59078
2015-07-11,111928,12886,16461,44777
2015-07-12,131462,15808,17078,44202
2015-07-13,69086,16261,20105,54095
2015-07-14,29236,17884,20318,55036
2015-07-15,28867,15043,20010,51497
2015-07-16,25638,16151,20252,52212
2015-07-17,30841,15388,21382,49148
2015-07-18,54923,15563,19189,40871
2015-07-19,49993,16006,18957,35779
2015-07-20,34320,15654,22345,52783
2015-07-21,41161,18051,21879,52567
2015-07-22,38345,16965,21177,54618
2015-07-23,20910,16512,21050,51008
2015-07-24,20316,16329,20742,52362
2015-07-25,21928,14749,18772,44941
2015-07-26,21736,14149,19057,37690
2015-07-27,24075,17950,21900,51152
2015-07-28,23287,17402,23103,54422
2015-07-29,44613,18307,25149,54979
2015-07-30,36972,16095,22005,48371
2015-07-31,46166,26019,24073,51094
2015-08-01,73434,16223,19043,38626
2015-08-02,31825,16726,18949,35949
2015-08-03,27144,17075,23463,52005
2015-08-04,39242,15719,22961,54489
2015-08-05,40391,17567,22749,52918
2015-08-06,45473,15191,21906,52125
2015-08-07,24655,16996,21610,47947
2015-08-08,22844,16685,20371,41451
2015-08-09,20834,12366,19670,37522
2015-08-10,24475,16272,22552,53375
2015-08-11,21484,15344,23809,53942
2015-08-12,21151,18334,23953,54334
2015-08-13,23633,17205,23431,53091
2015-08-14,20837,17004,21338,51934
2015-08-15,23642,14051,18940,38174
2015-08-16,20625,14754,17395,36586
2015-08-17,24789,15802,21743,52568
2015-08-18,26159,16659,23166,53673
2015-08-19,27843,15926,21862,54364
2015-08-20,26202,14494,23759,53625
2015-08-21,25647,14988,22834,50158
2015-08-22,26079,16510,21827,41091
2015-08-23,24432,13899,19824,36240
2015-08-24,29724,16159,24470,54860
2015-08-25,26130,17075,24167,54466
2015-08-26,29768,14016,24900,54007
2015-08-27,25848,17113,24345,52475
2015-08-28,26549,16171,25190,52481
2015-08-29,31374,14066,21041,40848
2015-08-30,22320,15648,21611,38610
2015-08-31,29675,16389,25830,55209
2015-09-01,30281,17683,26383,55909
2015-09-02,60240,14665,22883,52118
2015-09-03,30985,17114,25465,54972
2015-09-04,25091,15418,20879,42429
2015-09-05,39659,16056,24490,43866
2015-09-06,25997,16543,22796,40813
2015-09-07,29024,18701,24242,53348
2015-09-08,27408,16813,24642,56380
2015-09-09,33459,15471,24938,52440
2015-09-10,36573,15283,22934,49990
2015-09-11,84508,17185,24846,53305
2015-09-12,61323,13460,21653,41169
2015-09-13,68491,16560,22474,38372
2015-09-14,72048,15708,24933,53874
2015-09-15,62743,18179,25416,56501
2015-09-16,71461,15870,24682,55114
2015-09-17,159123,17499,25879,56634
2015-09-18,65347,17768,24620,53622
2015-09-19,32578,15207,22395,44546
2015-09-20,28553,14778,22123,43576
2015-09-21,31370,18068,25282,56827
2015-09-22,31496,18108,28152,58871
2015-09-23,29317,19302,26213,56410
2015-09-24,28905,15560,25527,55235
2015-09-25,28492,18733,25177,55600
2015-09-26,33228,14984,22367,44896
2015-09-27,29317,15846,21774,41663
2015-09-28,29212,18603,26719,63893
2015-09-29,28610,19486,27287,65107
2015-09-30,31313,19233,27292,61862
2015-10-01,28272,16034,26330,63542
2015-10-02,30388,18546,28328,62346
2015-10-03,31334,16285,24122,47681
2015-10-04,23729,16587,22089,40973
2015-10-05,26888,15456,26054,56997
2015-10-06,29906,16807,27624,70031
2015-10-07,27769,19600,26457,60972
2015-10-08,29690,18955,27946,63617
2015-10-09,21423,16929,23470,52696
2015-10-10,34818,16071,24319,51637
2015-10-11,22345,13940,22059,46060
2015-10-12,25361,16620,28435,63852
2015-10-13,25580,16467,30210,62484
2015-10-14,24935,17477,29514,69907
2015-10-15,25983,21006,31248,75092
2015-10-16,24084,21013,27512,70533
2015-10-17,32050,17980,24086,61659
2015-10-18,25135,20872,21843,51711
2015-10-19,26511,20347,26419,70527
2015-10-20,29171,20400,27482,69168
2015-10-21,27522,23274,28163,71096
2015-10-22,25351,20847,26925,74131
2015-10-23,27590,22758,27026,65945
2015-10-24,33867,21412,25090,59614
2015-10-25,27127,22190,23651,58365
2015-10-26,20946,19454,21419,54417
2015-10-27,26486,21080,26110,79917
2015-10-28,26499,22876,28754,81907
2015-10-29,27480,24287,28079,81065
2015-10-30,27278,24941,28006,86299
2015-10-31,30769,29011,23722,71751
2015-11-01,27016,23295,25423,76601
2015-11-02,26000,28513,28528,88914
2015-11-03,23980,31438,30032,100757
2015-11-04,25234,38034,30740,110035
2015-11-05,23882,33717,29396,95668
2015-11-06,23004,31355,28455,83934
2015-11-07,31252,25824,25486,68783
2015-11-08,24407,22745,23784,61475
2015-11-09,25515,26989,27799,79384
2015-11-10,24095,28855,27513,81353
2015-11-11,24218,25430,28026,81087
2015-11-12,26261,22302,29576,79547
2015-11-13,26751,21238,29842,76836
2015-11-14,32317,21548,26697,69770
2015-11-15,26996,26710,23762,65741
2015-11-16,24748,25982,28526,78887
2015-11-17,26787,26765,30601,72386
2015-11-18,27547,26205,33098,78266
2015-11-19,27987,22194,28040,76126
2015-11-20,28334,24081,28045,75147
2015-11-21,35334,24362,26209,64956
2015-11-22,25032,22912,24277,57266
2015-11-23,21672,24846,27670,70921
2015-11-24,22632,27456,28396,73684
2015-11-25,21490,24919,29165,76139
2015-11-26,24106,23819,30737,85833
2015-11-27,27628,20949,28149,83376
2015-11-28,39949,24636,28087,72850
2015-11-29,22931,21224,23888,61658
2015-11-30,27181,30449,32384,92472
2015-12-01,24157,29329,30893,93566
2015-12-02,28736,25634,31759,97233
2015-12-03,26155,22999,31166,84312
2015-12-04,41538,21676,29403,80816
2015-12-05,32845,28077,30410,94687
2015-12-06,23728,27160,30511,98154
2015-12-07,23416,28144,32566,108557
2015-12-08,24125,28079,34329,108513
2015-12-09,27239,28818,36406,127692
2015-12-10,32855,25518,35314,118133
2015-12-11,23818,25368,33897,127016
2015-12-12,32725,27056,33381,110817
2015-12-13,22318,24941,30489,112024
2015-12-14,27816,36665,37210,129591
2015-12-15,27852,31459,35456,129048
2015-12-16,27638,29075,38242,125302
2015-12-17,23633,28142,37920,126447
